#{"t_start": 1746506379.11345, "env_id": "MergeEnv-v0"}
r,l,t
-18.0857,50,1.218544
-12.612651,50,1.5226
-8.809793,50,1.840715
-7.742912,50,2.35995
-7.723254,50,2.827157
-7.882928,50,3.299236
-9.772199,50,3.764761
-7.720436,50,4.233364
-12.880358,50,4.701553
-7.720583,50,5.26145
-7.699978,50,5.7309
-10.695824,50,6.239771
-8.736106,50,6.72793
-11.699555,50,7.193727
-7.710817,50,7.661694
-8.722121,50,8.131
-7.71854,50,8.61648
-8.741722,50,9.085313
-7.784349,50,9.554078
-7.747292,50,10.020772
-7.710469,50,10.491937
-7.702132,50,10.960095
-8.790091,50,11.425848
-7.829108,50,11.893132
-7.82928,50,12.362945
-7.696209,50,12.829519
-12.798012,50,13.299717
-10.722996,50,13.769725
-10.71071,50,14.238469
-7.709619,50,14.70739
-8.715136,50,15.177043
-11.802702,50,15.648744
-10.695619,50,16.121088
-8.722508,50,16.591823
-10.695054,50,17.084007
-8.700704,50,17.591365
-7.829959,50,18.065921
-7.825732,50,18.559421
-7.721642,50,19.035823
-7.709116,50,19.508814
-7.747013,50,19.983662
-7.82811,50,20.461784
-7.721838,50,20.935634
-7.774814,50,21.443534
-9.83765,50,21.919321
-13.857242,50,22.397659
-7.694656,50,22.87368
-10.76249,50,23.350244
-7.7269,50,23.839483
-13.864606,50,24.319289
-7.869679,50,25.103425
-8.79381,50,25.644956
-7.788881,50,26.124095
-8.728674,50,26.606372
-7.730173,50,27.081975
-11.792092,50,27.590456
-7.721431,50,28.13824
-7.787115,50,28.644084
-7.876271,50,29.129994
-8.696586,50,29.624686
-9.830341,50,30.125185
-8.777023,50,30.611634
-7.70378,50,31.097666
-8.717742,50,31.581559
-7.715564,50,32.070293
-11.756685,50,32.55344
-9.750292,50,33.035239
-7.774477,50,33.54746
-9.721946,50,34.116097
-13.72592,50,34.719163
-8.73057,50,35.281029
-10.755362,50,35.870341
-7.879224,50,36.400541
-9.729177,50,36.979443
-12.831681,50,37.477188
-7.721212,50,37.978693
-8.88892,50,38.484918
-7.739181,50,39.038827
-8.702771,50,39.551191
-7.725115,50,40.061072
-13.722348,50,40.574865
-7.723307,50,41.093282
-8.889661,50,41.586456
-8.696999,50,42.08033
-7.751096,50,42.583853
-7.72636,50,43.086361
-22.796995,50,43.582206
-7.721115,50,44.177644
-7.743437,50,44.725378
-11.858001,50,45.222564
-11.721009,50,45.718419
-7.889315,50,46.211936
-7.695354,50,46.704801
-9.722042,50,47.200783
-7.834399,50,47.695464
-7.800976,50,48.188634
-8.698127,50,48.677225
-11.709291,50,49.205516
-8.828771,50,49.702203
-7.833234,50,50.20794
-7.944476,50,51.027375
-10.731079,50,51.5735
-11.779063,50,52.068708
-7.725142,50,52.575617
-8.696106,50,53.095934
-12.863033,50,53.596286
-10.838696,50,54.093062
-9.727787,50,54.594435
-9.701171,50,55.12733
-8.697243,50,55.640407
-9.722629,50,56.139608
-7.753942,50,56.638363
-9.724268,50,57.251157
-11.722924,50,57.756126
-7.734214,50,58.250715
-7.810169,50,58.759629
-7.73815,50,59.261973
-7.859114,50,59.807852
-7.774613,50,60.322851
-10.888577,50,60.824948
-8.740146,50,61.341793
-7.718269,50,61.839184
-10.885294,50,62.341628
-7.728166,50,62.85633
-7.719419,50,63.357984
-8.706778,50,63.926025
-7.726474,50,64.43189
-7.722858,50,64.949556
-8.71428,50,65.476728
-9.757064,50,65.975974
-8.776166,50,66.475731
-10.720144,50,66.981238
-8.707942,50,67.478587
-9.715045,50,67.977219
-8.748989,50,68.489621
-9.702224,50,69.018066
-7.694158,50,69.514319
-7.842777,50,70.021071
-7.702031,50,70.530085
-12.801878,50,71.062687
-8.727842,50,71.563786
-12.735311,50,72.070304
-8.716405,50,72.572494
-9.722241,50,73.075747
-7.722285,50,73.57417
-7.700557,50,74.074166
-8.839209,50,74.573803
-9.717537,50,75.077054
-7.805857,50,75.614922
-7.776532,50,76.19308
-8.053002,50,77.009166
-7.740642,50,77.512943
-8.72367,50,78.031842
-7.730605,50,78.535767
-7.749879,50,79.03582
-7.822769,50,79.548316
-7.742683,50,80.055396
-10.722759,50,80.560042
-7.717937,50,81.060177
-7.712176,50,81.710881
-8.700377,50,82.235051
-8.813171,50,82.793901
-7.725234,50,83.309348
-7.784569,50,83.816065
-8.795464,50,84.319307
-8.849541,50,84.825022
-7.733851,50,85.355123
-7.737797,50,85.868291
-7.735083,50,86.370072
-8.709607,50,86.869439
-16.769176,50,87.373457
-9.706638,50,87.863248
-7.734569,50,88.36257
-7.696195,50,88.86023
-11.81599,50,89.361676
-7.721708,50,89.86216
-8.758204,50,90.398324
-7.725414,50,90.927779
-7.735195,50,91.520521
-7.788519,50,92.028295
-7.726547,50,92.583502
-8.725042,50,93.102862
-10.711397,50,93.606363
-10.749973,50,94.158658
-7.711031,50,94.847484
-7.752865,50,95.353136
-8.710581,50,95.863778
-12.717735,50,96.422781
-8.736227,50,96.930767
-7.788306,50,97.44421
-10.725752,50,97.949357
-10.695465,50,98.454564
-13.77321,50,98.974002
-8.773239,50,99.481732
-7.738959,50,99.984832
-10.698782,50,100.489895
-10.810688,50,100.993106
-9.698645,50,101.497611
-8.841916,50,102.0104
-16.888142,50,102.514783
-7.862626,50,103.40547
-7.799395,50,103.925829
-8.774109,50,104.453189
-14.725937,50,104.959032
-7.810031,50,105.472535
-18.72792,50,105.991056
-8.701551,50,106.571033
-8.760458,50,107.109033
-7.783126,50,107.673461
-9.773712,50,108.220675
-8.775003,50,108.761153
-7.721784,50,109.308242
-7.723285,50,109.845278
-8.721583,50,110.384531
-7.821604,50,110.921672
-7.700792,50,111.459519
-7.71621,50,112.209545
-14.703093,50,112.748512
-10.727919,50,113.290439
-8.73025,50,113.836403
-9.747511,50,114.411607
-12.746031,50,114.95394
-7.829903,50,115.499334
-11.724157,50,116.036192
-7.872432,50,116.580583
-7.726052,50,117.143212
-8.828065,50,117.687669
-7.715617,50,118.221071
-7.725196,50,118.758274
-9.710572,50,119.294313
-8.721056,50,119.829955
-7.852262,50,120.370386
-15.877838,50,120.90682
-9.775414,50,121.447853
-8.695751,50,121.99106
-8.825578,50,122.527987
-9.73093,50,123.066737
-10.740572,50,123.601305
-9.734181,50,124.137983
-7.728451,50,124.684563
-8.701654,50,125.271597
-7.69485,50,125.819086
-8.726928,50,126.385531
-7.872738,50,126.942419
-7.814065,50,127.580711
-9.791784,50,128.13324
-9.845702,50,128.683323
-9.866378,50,129.244999
-9.780662,50,129.791316
-12.706094,50,130.32953
-8.059237,50,131.20453
-11.721312,50,131.748666
-9.846141,50,132.42274
-7.746625,50,132.957146
-7.701264,50,133.493548
-7.709317,50,134.030509
-10.814672,50,134.566516
-8.723741,50,135.102408
-9.695491,50,135.679141
-7.805757,50,136.239581
-10.774385,50,136.781548
-7.744374,50,137.339912
-9.841015,50,137.882069
-7.721975,50,138.415661
-14.804618,50,138.951008
-8.843527,50,139.481245
-13.759267,50,140.011822
-7.85423,50,140.54611
-8.720886,50,141.084068
-10.77536,50,141.615831
-8.72216,50,142.161898
-8.705119,50,142.767306
-7.719356,50,143.301148
-8.702593,50,143.842085
-7.713853,50,144.378652
-8.701534,50,144.914551
-8.775213,50,145.475783
-7.708486,50,146.013091
-15.740936,50,146.603654
-7.752576,50,147.159013
-8.84915,50,147.699355
-9.815069,50,148.281427
-7.866358,50,148.82402
-15.850979,50,149.361133
-10.724884,50,149.90494
-8.801706,50,150.483419
-8.828194,50,151.023495
-7.716265,50,151.568673
-9.746,50,152.226679
-7.832764,50,152.773517
-8.777882,50,153.323902
-7.774217,50,153.873415
-9.759838,50,154.42047
-7.726595,50,154.970901
-10.796345,50,155.519149
-7.709875,50,156.076836
-10.726457,50,156.625164
-9.724053,50,157.193164
-11.737098,50,157.776375
-7.779816,50,158.351775
-7.956506,50,159.232711
-8.706605,50,159.785572
-8.719438,50,160.350508
-9.724991,50,160.905564
-8.825885,50,161.459606
-12.732537,50,162.011749
-7.803221,50,162.556615
-9.831611,50,163.110139
-8.79423,50,163.701023
-7.765044,50,164.24793
-7.777239,50,164.793133
-7.745984,50,165.347924
-9.756576,50,165.890786
-8.776043,50,166.440856
-7.70163,50,166.985515
-7.777336,50,167.524385
-7.730546,50,168.128186
-7.750804,50,168.750112
-8.777913,50,169.294412
-9.827812,50,169.850242
-12.702183,50,170.516317
-7.775401,50,171.062896
-11.719287,50,171.608342
-10.829469,50,172.186238
-9.706381,50,172.806215
-10.699054,50,173.350293
-9.751494,50,173.892229
-8.886224,50,174.436949
-7.827763,50,174.983545
-10.723847,50,175.522347
-8.705241,50,176.060326
-9.723116,50,176.599018
-9.88426,50,177.136777
-8.74523,50,177.673385
-9.744555,50,178.216741
-7.762701,50,178.767412
-7.81823,50,179.419605
-7.779412,50,179.961431
-7.784787,50,180.521971
-7.806192,50,181.063791
-7.827127,50,181.613951
-8.721825,50,182.155664
-7.792315,50,182.693143
-7.714499,50,183.234745
-7.729196,50,183.777441
-11.712637,50,184.321115
-7.726211,50,184.864161
-7.788703,50,185.405084
-9.733095,50,185.945549
-8.72401,50,186.488743
-8.006202,50,187.342326
-7.748897,50,187.87943
-7.831533,50,188.526951
-7.699281,50,189.067382
-7.695501,50,189.725369
-8.736571,50,190.313707
-9.739905,50,190.860812
-7.725925,50,191.426903
-8.696401,50,191.972292
-8.836126,50,192.53479
-9.743516,50,193.080731
-11.741879,50,193.626029
-8.702376,50,194.170078
-7.701223,50,194.713127
-9.723418,50,195.259145
-8.792498,50,195.804279
-8.77467,50,196.349866
-9.817999,50,196.905499
-11.715238,50,197.444834
-8.745547,50,197.987802
-7.70323,50,198.532388
-7.773064,50,199.079604
-9.757551,50,199.679816
-7.802508,50,200.235184
-8.745034,50,200.848467
-8.780662,50,201.401326
-8.748984,50,201.951113
-8.82781,50,202.506841
-10.883427,50,203.127681
-8.745289,50,203.673142
-8.731269,50,204.225744
-12.735577,50,204.766991
-8.722208,50,205.383053
-9.700092,50,205.949208
-9.849474,50,206.500914
-7.714663,50,207.046004
-8.837375,50,207.595384
-7.771144,50,208.142802
-7.849745,50,208.68793
-7.705648,50,209.230017
-7.713541,50,209.778368
-9.700516,50,210.389828
-7.697058,50,210.948889
-7.789929,50,211.554599
-10.740959,50,212.123015
-7.804428,50,212.672537
-10.728267,50,213.221769
-8.722064,50,213.766902
-7.72086,50,214.307676
-8.707954,50,214.859472
-7.955813,50,215.709299
-9.722245,50,216.267155
-8.709213,50,216.808938
-7.872408,50,217.349753
-12.835622,50,217.924776
-7.840004,50,218.468545
-7.76087,50,219.012755
-7.724649,50,219.55882
-7.884243,50,220.098112
-7.721617,50,220.715918
-7.793584,50,221.263697
-9.708545,50,221.809876
-8.703161,50,222.417751
-11.846159,50,222.978488
-11.845228,50,223.526623
-11.723702,50,224.070026
-7.758261,50,224.704382
-7.816665,50,225.247383
-10.724894,50,225.784786
-7.724313,50,226.328356
-11.828048,50,226.874608
-7.830121,50,227.422914
-8.783183,50,227.9705
-7.698406,50,228.514912
-7.698103,50,229.056189
-7.72962,50,229.597963
-7.736873,50,230.144109
-8.724081,50,230.739019
-13.802183,50,231.287453
-7.814936,50,231.830395
-7.810185,50,232.379923
-8.711337,50,233.01518
-13.775836,50,233.660682
-10.72132,50,234.209679
-7.726672,50,234.775172
-7.722892,50,235.32367
-7.827224,50,235.86923
-9.8478,50,236.425182
-9.781491,50,236.978975
-9.733197,50,237.528214
-9.726402,50,238.081701
-7.774542,50,238.637937
-7.721013,50,239.188485
-9.819715,50,239.738765
-8.775808,50,240.298199
-7.70303,50,240.857445
-9.745981,50,241.449915
-11.722864,50,242.016283
-11.694023,50,242.57827
-11.812759,50,243.216328
-7.938451,50,244.146247
-7.738767,50,244.731678
-11.722253,50,245.306437
-12.697398,50,245.876846
-13.847087,50,246.44895
-7.714939,50,247.039235
-7.736093,50,247.634715
-7.709712,50,248.267333
-8.725282,50,248.849152
-7.828111,50,249.441741
-7.731436,50,250.01658
-9.712857,50,250.600889
-11.723432,50,251.192372
-7.718201,50,251.836728
-7.730481,50,252.427216
-7.881477,50,253.018116
-7.698318,50,253.610782
-8.722126,50,254.20566
-15.697365,50,254.861172
-7.862712,50,255.492411
-12.778779,50,256.097438
-7.885301,50,256.718614
-10.694283,50,257.328563
-7.778747,50,257.935512
-7.740542,50,258.55198
-7.834369,50,259.169356
-14.704122,50,259.786434
-8.723467,50,260.39966
-7.720839,50,261.022383
-7.727651,50,261.675476
-7.723031,50,262.317461
-7.730923,50,262.98039
-7.731106,50,263.676338
-7.774543,50,264.311751
-7.714515,50,264.952073
-8.774127,50,265.623182
-10.706539,50,266.327456
-9.762061,50,266.98363
-7.711113,50,267.631281
-7.746599,50,268.306051
-7.816727,50,269.023276
-7.885126,50,269.679358
-8.730873,50,270.34737
-8.724851,50,271.008967
-12.723765,50,271.668294
-7.753861,50,272.366188
-9.70768,50,273.056799
-7.752672,50,273.723575
-14.765578,50,274.398169
-8.730037,50,275.093258
-7.892306,50,276.129976
-7.791919,50,276.913662
-7.720551,50,277.623445
-7.826432,50,278.334645
-9.779392,50,279.023512
-8.748768,50,279.732287
-11.884487,50,280.422679
-8.69408,50,281.118198
-9.788786,50,281.813308
-7.782745,50,282.541362
-8.723141,50,283.260344
-12.780937,50,283.959029
-11.781995,50,284.657415
-10.841778,50,285.373731
-7.817375,50,286.074498
-7.704186,50,286.775696
-7.816073,50,287.626279
-7.734533,50,288.415383
-8.884754,50,289.138765
-7.87649,50,289.848899
-7.708767,50,290.562215
-7.72217,50,291.290681
-11.783716,50,291.998201
-7.714779,50,292.766501
-7.697842,50,293.607836
-8.832409,50,294.331333
-7.884616,50,295.047911
-8.742929,50,295.761644
-8.737754,50,296.484802
-7.784944,50,297.21574
-9.708079,50,298.046064
-8.773806,50,298.785453
-9.748012,50,299.56301
-10.747764,50,300.342567
-8.69409,50,301.121675
-10.722835,50,301.861729
-11.696713,50,302.597976
-8.770631,50,303.467298
-9.699904,50,304.202946
-7.751355,50,304.925281
-15.814711,50,305.654062
-7.74067,50,306.378161
-7.76195,50,307.246999
-7.825977,50,307.974642
-7.724474,50,308.798613
-11.770822,50,309.559935
-8.706481,50,310.296351
-7.817995,50,311.016645
-11.700143,50,311.745914
-7.738943,50,312.460178
-7.949541,50,313.572961
-7.780472,50,314.308836
-7.70081,50,315.036365
-7.857164,50,315.758342
-7.803776,50,316.471479
-7.705787,50,317.182694
-7.753744,50,317.88226
-7.885193,50,318.585619
-8.837437,50,319.314905
-11.696902,50,320.101343
-7.732474,50,320.826237
-8.794144,50,321.569691
-8.772236,50,322.265904
-12.774144,50,322.968676
-8.884015,50,323.833481
-7.770332,50,324.54907
-7.861045,50,325.405813
-14.774072,50,326.117096
-7.717412,50,326.818941
-7.728312,50,327.511323
-8.765714,50,328.218495
-7.729898,50,328.929346
-11.780409,50,329.610949
-7.801135,50,330.360482
-8.783133,50,331.11284
-7.721691,50,331.805433
-7.72664,50,332.491564
-10.722811,50,333.189274
-7.781796,50,333.939294
-8.722921,50,334.654069
-12.698153,50,335.380747
-7.788543,50,336.186137
-7.815887,50,336.997829
-8.701089,50,337.830823
-12.721399,50,338.5268
-9.747788,50,339.246475
-7.705159,50,339.967138
-13.765391,50,340.669015
-10.721225,50,341.413091
-8.72298,50,342.134021
-7.71455,50,342.834894
-9.72409,50,343.551378
-9.708972,50,344.243826
-7.714857,50,345.044192
-7.8268,50,345.734833
-8.709497,50,346.417756
-9.772823,50,347.081516
-7.708316,50,347.748632
-8.884327,50,348.415496
-7.71037,50,349.079528
-7.981476,50,350.094361
-7.826783,50,350.781498
-13.855587,50,351.469773
-7.704379,50,352.185521
-9.759728,50,352.93039
-10.752283,50,353.610091
-12.864438,50,354.356445
-7.720551,50,355.080254
-7.720683,50,355.803144
-13.775427,50,356.506758
-9.886836,50,357.179286
-8.725604,50,357.841028
-7.821315,50,358.508482
-8.710233,50,359.18666
-7.729334,50,359.841066
-7.750122,50,360.497228
-7.694112,50,361.154265
-7.727175,50,361.819511
-7.75379,50,362.478477
-8.745749,50,363.163594
-10.707772,50,363.872024
-9.730317,50,364.582835
-9.8084,50,365.236268
-7.724063,50,365.883568
-7.843297,50,366.523724
-8.884764,50,367.173027
-8.699489,50,367.843956
-12.732547,50,368.486961
-7.834928,50,369.128177
-9.704352,50,369.815985
-14.888957,50,370.458027
-10.724692,50,371.089412
-8.767177,50,371.731486
-7.695905,50,372.369498
-7.733455,50,373.010569
-8.755878,50,373.64954
-8.756826,50,374.366448
-7.72643,50,375.188709
-10.772413,50,375.846118
-9.723197,50,376.486369
-11.750055,50,377.120439
-7.843963,50,377.748917
-11.815883,50,378.377709
-7.796706,50,379.014454
-7.745821,50,379.646675
-8.7116,50,380.272556
-8.807041,50,380.898504
-7.724426,50,381.524758
-9.711006,50,382.154428
-13.784658,50,382.776293
-7.81664,50,383.735301
-7.724288,50,384.429826
-7.836766,50,385.253839
-7.83171,50,385.948105
-11.743033,50,386.596623
-11.772719,50,387.220023
-8.845567,50,387.848667
-8.737619,50,388.476511
-7.730119,50,389.097442
-10.87043,50,389.720366
-11.72742,50,390.358295
-7.746093,50,390.988604
-12.775228,50,391.618509
-7.774423,50,392.242126
-9.727116,50,392.855942
-7.73181,50,393.475887
-8.777184,50,394.092144
-7.806381,50,394.86043
-7.77722,50,395.491873
-7.721343,50,396.192701
-8.77627,50,396.825758
-7.726465,50,397.452571
-7.721321,50,398.118145
-7.816841,50,398.774544
-7.728603,50,399.425191
-9.730785,50,400.06681
-7.768397,50,400.690331
-9.773692,50,401.31462
-8.746305,50,401.940243
-12.722403,50,402.56146
-7.77325,50,403.207113
-7.73653,50,403.825286
-10.73232,50,404.454511
-10.760105,50,405.091657
-7.716658,50,405.713167
-8.828914,50,406.340857
-10.724058,50,407.035076
-7.706182,50,407.664127
-9.799111,50,408.287598
-10.77615,50,408.900772
-10.853915,50,409.519566
-8.730337,50,410.133657
-8.827566,50,410.824102
-8.843852,50,411.443191
-7.721111,50,412.05712
-9.699453,50,412.670585
-11.784087,50,413.28678
-7.876696,50,414.011142
-7.707841,50,414.628799
-7.743988,50,415.315057
-7.928943,50,416.308424
-8.736944,50,416.936536
-10.806223,50,417.685186
-7.711278,50,418.358025
-10.738556,50,418.992711
-7.728554,50,419.610242
-7.826802,50,420.239025
-8.839956,50,420.952823
-7.784022,50,421.66823
-9.703587,50,422.290695
-7.703592,50,422.909751
-7.707497,50,423.524368
-8.774608,50,424.143704
-12.733613,50,424.769942
-7.7787,50,425.412132
-7.730715,50,426.032397
-10.743583,50,426.655799
-9.715273,50,427.273239
-8.719949,50,427.902121
-7.78282,50,428.553806
-7.757283,50,429.238977
-7.862389,50,429.886766
-7.697502,50,430.521481
-8.827601,50,431.142922
-11.837111,50,431.760667
-8.729794,50,432.39108
-9.77389,50,433.135597
-7.727585,50,433.757428
-8.724998,50,434.390437
-7.72915,50,435.008258
-7.711283,50,435.643738
-7.7193,50,436.265164
-9.838897,50,436.881483
-8.729515,50,437.493306
-11.696981,50,438.100482
-7.725232,50,438.708066
-10.84986,50,439.325567
-8.722418,50,439.989417
-8.726388,50,440.6015
-7.886351,50,441.207053
-11.735898,50,441.800027
-7.719757,50,442.40398
-9.782157,50,443.001651
-8.740146,50,443.604719
-7.781526,50,444.207325
-9.883959,50,444.816083
-9.777697,50,445.509235
-7.783737,50,446.14993
-9.739657,50,446.768277
-8.736678,50,447.365983
-7.928232,50,448.296481
-8.794925,50,448.907565
-13.831899,50,449.551933
-8.718155,50,450.256915
-9.841204,50,450.905623
-7.70998,50,451.624096
-8.806185,50,452.236236
-10.724204,50,452.869957
-7.746168,50,453.52156
-7.724706,50,454.280218
-7.827921,50,454.930331
-7.696004,50,455.680241
-9.731959,50,456.332355
-8.83052,50,456.980696
-7.72057,50,457.842097
-16.717883,50,458.640421
-7.782962,50,459.378539
-8.715703,50,460.252212
-7.748239,50,461.08762
-7.832859,50,462.046387
-8.720895,50,462.743214
-11.72012,50,463.403499
-13.719787,50,464.069138
-8.707595,50,464.691501
-14.786371,50,465.310292
-10.745386,50,465.916357
-8.744506,50,466.62203
-13.821268,50,467.235129
-7.727179,50,467.846881
-8.71956,50,468.45824
-7.774087,50,469.063767
-7.745317,50,469.673046
-9.747969,50,470.301836
-7.8313,50,471.065854
-9.858557,50,471.690415
-7.740924,50,472.302628
-7.777197,50,472.90852
-8.708309,50,473.519327
-9.767304,50,474.123636
-7.723599,50,474.737694
-8.716806,50,475.390534
-12.802069,50,476.044303
-7.721878,50,476.680895
-9.708532,50,477.326255
-9.701461,50,477.928611
-8.786049,50,478.535713
-9.784353,50,479.150377
-7.708106,50,479.764141
-10.757647,50,480.371801
-7.821418,50,480.976418
-7.895621,50,482.042793
-11.699232,50,482.674487
-9.735096,50,483.319674
-7.798113,50,484.026775
-8.773781,50,484.654786
-9.728493,50,485.292591
-7.694061,50,485.95608
-7.82026,50,486.628447
-11.871079,50,487.376227
-7.726099,50,488.099508
-9.774749,50,488.726835
-8.696764,50,489.365555
-8.720451,50,490.10874
-9.758961,50,490.789893
-8.721456,50,491.407541
-7.819354,50,492.030218
-7.718623,50,492.713489
-9.721448,50,493.388141
-7.704864,50,494.021793
-10.697392,50,494.647085
-7.728202,50,495.275718
-8.702286,50,495.990273
-7.737625,50,496.676657
-7.774265,50,497.349734
-8.723207,50,497.996433
-11.829942,50,498.611797
-8.801193,50,499.235133
-7.715061,50,499.852917
-7.703929,50,500.474549
-10.800949,50,501.090214
-7.77065,50,501.703918
-7.716894,50,502.322449
-7.845884,50,502.991395
-7.80619,50,503.609738
-10.75346,50,504.227337
-11.851556,50,504.839266
-8.83733,50,505.490834
-7.722359,50,506.13556
-7.83059,50,506.845663
-13.829376,50,507.458552
-7.740092,50,508.249951
-7.830025,50,508.860614
-9.701212,50,509.474771
-7.77518,50,510.085419
-9.722203,50,510.753008
-11.731665,50,511.395671
-7.699404,50,512.007947
-10.722846,50,512.611942
-9.884331,50,513.231076
-8.721168,50,513.899378
-7.942418,50,514.909124
-7.695505,50,515.537251
-7.72048,50,516.155128
-8.723209,50,516.771061
-7.772338,50,517.374889
-7.883105,50,518.006446
-7.839273,50,518.619971
-8.729699,50,519.232667
-7.810004,50,519.841558
-8.768653,50,520.447619
-7.789198,50,521.067707
-7.704784,50,521.67638
-8.697722,50,522.282781
-7.796501,50,522.885357
-8.727314,50,523.487386
-7.721587,50,524.109646
-7.777265,50,524.773333
-7.695186,50,525.377342
-8.7246,50,525.999023
-7.757162,50,526.607207
-7.707222,50,527.287546
-7.739896,50,527.937224
-13.768427,50,528.595103
-7.780831,50,529.201187
-7.720237,50,529.812453
-10.706972,50,530.431568
-7.726952,50,531.074978
-10.706685,50,531.681257
-8.828842,50,532.298722
-9.831773,50,532.905665
-19.726971,50,533.509468
-8.724471,50,534.126837
-11.697428,50,534.736897
-7.885993,50,535.397567
-7.715898,50,536.051566
-7.772636,50,536.760507
-7.833415,50,537.400285
-7.724095,50,538.053127
-7.700814,50,538.909793
-7.796469,50,539.609435
-7.774189,50,540.324303
-11.793152,50,540.994963
-7.878026,50,541.660422
-13.884103,50,542.302364
-7.726745,50,542.91614
-7.773807,50,543.543379
-7.720607,50,544.331419
-7.722345,50,544.982635
-9.84045,50,545.616771
-7.732268,50,546.461281
-7.870883,50,547.529651
-8.723057,50,548.167087
-7.840002,50,549.090167
-9.740306,50,549.807958
-7.868255,50,550.445385
-7.700126,50,551.121179
-7.777127,50,551.814359
-8.69806,50,552.451897
-10.755414,50,553.076504
-8.722069,50,553.70136
-8.758705,50,554.319436
-12.831357,50,554.938663
-9.725562,50,555.554003
-8.84848,50,556.231385
-9.774841,50,556.886387
-8.694841,50,557.516031
-7.763365,50,558.169829
-8.703281,50,558.800117
-7.695404,50,559.474325
-7.744882,50,560.094004
-14.774917,50,560.720232
-7.753606,50,561.341622
-9.715639,50,561.963688
-7.738393,50,562.609883
-9.729585,50,563.237956
-7.711855,50,563.851419
-7.720474,50,564.474355
-7.712153,50,565.089243
-7.751555,50,565.706277
-7.864213,50,566.325942
-7.796898,50,567.001541
-7.736605,50,567.764643
-7.830198,50,568.392917
-8.757031,50,569.0853
-7.775024,50,569.751755
-8.721548,50,570.399095
-7.725328,50,571.024531
-7.721992,50,571.646329
-8.764563,50,572.272431
-11.764089,50,572.890721
-7.796888,50,573.505087
-10.822875,50,574.118975
-13.721395,50,574.734598
-7.706816,50,575.344492
-7.747705,50,575.950399
-7.719536,50,576.573017
-11.738364,50,577.178323
-8.732398,50,577.817137
-9.721575,50,578.4707
-8.798023,50,579.103007
-7.866151,50,580.120588
-15.843707,50,580.761207
-10.772725,50,581.38577
-7.746981,50,582.014831
-7.780646,50,582.625819
-14.850104,50,583.241391
-13.748206,50,583.854512
-8.705848,50,584.477871
-7.742805,50,585.087582
-8.739432,50,585.690321
-7.802966,50,586.298791
-7.752204,50,586.906796
-9.82678,50,587.511791
-7.698428,50,588.119144
-8.722836,50,588.873311
-8.785022,50,589.545111
-8.781851,50,590.16658
-11.790092,50,590.798645
-7.710236,50,591.409463
-8.72211,50,592.047318
-9.704243,50,592.65091
-8.737636,50,593.25572
-7.80828,50,593.857626
-8.754148,50,594.452815
-7.705085,50,595.051915
-8.732133,50,595.658651
-7.756165,50,596.263314
-11.731616,50,596.872207
-9.729008,50,597.53006
-9.875602,50,598.16416
-7.701877,50,598.771546
-7.72065,50,599.382523
-8.776219,50,600.088527
-7.774862,50,600.708359
-13.753077,50,601.32627
-8.783192,50,601.925695
-9.774613,50,602.53013
-7.830512,50,603.136394
-9.722037,50,603.735982
-10.774651,50,604.335873
-10.842479,50,604.940473
-7.752303,50,605.537534
-9.86202,50,606.131918
-8.722509,50,606.731253
-8.781416,50,607.328597
-9.806855,50,607.995429
-9.751754,50,608.594354
-8.728909,50,609.19439
-8.763051,50,609.786298
-9.706494,50,610.453279
-7.819734,50,611.422041
-11.87828,50,612.051233
-8.785786,50,612.662556
-7.848977,50,613.261791
-8.828162,50,613.855917
-14.804546,50,614.455616
-10.695179,50,615.055413
-8.780519,50,615.650468
-9.706709,50,616.254357
-8.722372,50,616.855199
-9.724917,50,617.450099
-7.710107,50,618.050607
-7.755431,50,618.65042
-7.830592,50,619.247064
-8.721726,50,619.837589
-10.724883,50,620.448757
-7.856986,50,621.056599
-12.720659,50,621.71704
-7.812611,50,622.319385
-7.79382,50,622.915028
-7.721667,50,623.51483
-9.748252,50,624.110204
-8.705374,50,624.709657
-13.779309,50,625.320645
-12.698875,50,625.912487
-9.808606,50,626.51052
-9.726019,50,627.108125
-10.751764,50,627.794531
-8.763953,50,628.478113
-7.694649,50,629.077338
-7.696646,50,629.674186
-7.721004,50,630.278688
-9.707584,50,630.906236
-7.713128,50,631.508474
-7.77595,50,632.119261
-10.715344,50,632.762269
-7.772804,50,633.355257
-9.774689,50,633.961421
-7.723665,50,634.560732
-7.728082,50,635.154059
-7.697171,50,635.749322
-11.722496,50,636.352391
-9.732658,50,636.94718
-7.801884,50,637.536172
-8.711535,50,638.125904
-7.87664,50,638.720787
-14.717769,50,639.318745
-8.70434,50,639.912179
-7.837882,50,640.508314
-7.817474,50,641.149953
-7.997082,50,642.073821
-8.774143,50,642.686434
-9.727999,50,643.39096
-10.84749,50,644.03151
-12.775358,50,644.649517
-7.75185,50,645.262435
-7.728731,50,645.908318
-7.727459,50,646.552593
-7.824639,50,647.521679
-7.783422,50,648.236316
-9.758806,50,648.849137
-7.697162,50,649.460014
-10.785605,50,650.071586
-7.888723,50,650.789125
-10.774204,50,651.536795
-10.724483,50,652.177459
-8.742314,50,652.78847
-8.773704,50,653.422077
-7.789356,50,654.103006
-12.739401,50,654.734394
-7.830359,50,655.353213
-7.779926,50,655.973212
-9.723178,50,656.593134
-7.737256,50,657.214329
-7.732242,50,657.826352
-9.721197,50,658.50155
-7.706198,50,659.314325
-7.698192,50,659.927621
-8.742236,50,660.548313
-7.72476,50,661.159181
-7.720226,50,661.796496
-7.723326,50,662.411049
-7.715174,50,663.022002
-7.721119,50,663.648285
-7.802688,50,664.318577
-12.699857,50,665.116538
-14.721432,50,665.733108
-8.723027,50,666.347357
-7.78589,50,666.961879
-9.722045,50,667.578864
-7.732719,50,668.19411
-7.72763,50,668.796647
-7.763763,50,669.400178
-7.741376,50,670.002989
-8.722662,50,670.605148
-7.829314,50,671.220513
-8.733311,50,671.910798
-7.722834,50,672.576694
-7.711558,50,673.201439
-8.838029,50,673.872208
-8.030765,50,675.001533
-7.707617,50,675.717493
-9.7534,50,676.352404
-7.69569,50,676.973216
-9.722302,50,677.588728
-7.707887,50,678.196972
-7.720647,50,678.892007
-9.886087,50,679.618406
-8.77904,50,680.236024
-7.694047,50,680.844376
-7.884308,50,681.474295
-13.833579,50,682.125543
-9.830606,50,682.760718
-9.725379,50,683.445834
-9.772662,50,684.198546
-10.883761,50,685.006632
-7.83027,50,685.80667
-8.70086,50,686.561126
-8.834843,50,687.196544
-8.796492,50,687.904176
-8.817117,50,688.576817
-7.827546,50,690.036809
-7.733334,50,690.69402
-7.883649,50,691.351324
-7.720266,50,691.994251
-7.758167,50,692.647193
-8.699393,50,693.297812
-8.746959,50,693.927165
-7.721806,50,694.551019
-7.714079,50,695.252841
-7.833299,50,695.904411
-7.722949,50,696.519862
-7.712034,50,697.135599
-10.748388,50,697.753503
-9.706923,50,698.370603
-7.711165,50,698.97696
-10.766365,50,699.590326
-7.725214,50,700.203869
-7.720111,50,700.813977
-7.738249,50,701.4207
-7.703655,50,702.047364
-7.721104,50,702.767753
-8.75266,50,703.506548
-9.832702,50,704.157933
-7.773805,50,704.883329
-7.708094,50,705.566878
-7.777531,50,706.189919
-7.74062,50,706.868372
-7.694679,50,707.487799
-7.747149,50,708.112559
-7.826441,50,709.166025
-7.80327,50,709.87016
-12.721282,50,710.660222
-10.838997,50,711.293724
-7.812864,50,711.908934
-7.758831,50,712.54051
-8.828248,50,713.281699
-7.78728,50,713.930722
-7.70861,50,714.561172
-12.725841,50,715.41345
-7.785909,50,716.468729
-9.704715,50,717.862675
-9.770418,50,718.952724
-10.703888,50,719.959554
-7.785829,50,720.770805
-8.830022,50,721.553589
-13.705342,50,722.297801
-9.726201,50,723.051417
-7.724751,50,724.104847
-9.71179,50,725.434705
-9.813766,50,727.035877
-13.884423,50,727.981076
-8.718057,50,729.20364
-7.797177,50,730.166862
-9.701676,50,731.125076
-7.754346,50,735.018077
-9.694898,50,736.73578
-8.714408,50,737.998541
-9.722027,50,739.331905
-7.829766,50,740.528383
-7.825666,50,741.807472
-9.781209,50,742.796912
-7.724829,50,743.639626
-8.779676,50,744.635675
-9.729349,50,745.522171
-15.844207,50,747.040664
-8.789908,50,749.005847
-7.746668,50,750.295555
-7.725165,50,751.490067
-19.820148,50,752.630299
-11.695509,50,753.567249
-7.733374,50,754.357636
-8.781684,50,755.256752
-7.73052,50,756.107444
-7.723937,50,756.83826
-10.73957,50,757.574821
-8.828072,50,758.639464
-8.859631,50,759.781583
-7.74432,50,760.497485
-7.723203,50,761.266877
-7.936197,50,762.389749
-8.850289,50,763.085244
-7.766677,50,763.793523
-7.864577,50,764.587992
-7.811344,50,765.356843
-7.724248,50,766.159555
-7.814409,50,766.846771
-9.721597,50,767.527239
-7.728318,50,768.365687
-7.721113,50,769.131981
-8.776828,50,769.820843
-7.761711,50,770.503621
-7.722635,50,771.202801
-12.794632,50,771.881136
-7.706688,50,772.563888
-9.69421,50,773.258779
-12.723843,50,774.01903
-7.755521,50,774.677425
-8.728029,50,775.332311
-7.731276,50,776.029354
-7.697744,50,776.807767
-7.723786,50,777.677721
-8.82903,50,778.44085
-10.697152,50,779.148576
-11.710646,50,779.892386
-10.725974,50,780.780408
-8.696034,50,781.511942
-9.713405,50,782.191302
-8.718517,50,782.854392
-11.73183,50,783.516744
-8.75251,50,784.201159
-12.696691,50,784.871826
-11.736008,50,785.535969
-7.721584,50,786.233918
-7.762883,50,786.999191
-7.835561,50,787.678996
-7.735116,50,788.346577
-8.720125,50,789.080653
-8.695425,50,789.788269
-8.721585,50,790.452558
-7.695809,50,791.087943
-8.83183,50,791.743708
-7.696032,50,792.39258
-8.739063,50,793.034233
-7.698804,50,793.672957
-7.704188,50,794.322719
-17.727216,50,794.971554
-7.708837,50,795.644331
-8.774648,50,796.295081
-7.721692,50,797.015708
-7.852771,50,798.183655
-8.724263,50,798.832371
-9.716354,50,799.506329
-7.707406,50,800.240395
-8.707325,50,800.868795
-9.748433,50,801.531206
-9.720138,50,802.172463
-7.694569,50,802.799573
-7.694168,50,803.440968
-8.6982,50,804.099374
-8.69594,50,804.762482
-7.738367,50,805.495222
-7.785074,50,806.125341
-8.725564,50,807.136254
-8.698151,50,807.817448
-7.712662,50,808.461434
-7.760876,50,809.082224
-7.720852,50,809.746994
-7.723188,50,810.543157
-10.802789,50,811.490487
-10.705126,50,812.135035
-7.753312,50,812.758039
-10.860944,50,813.38757
-7.781154,50,814.034392
-11.873985,50,814.641479
-9.830125,50,815.255037
-8.72567,50,816.028175
-11.793901,50,816.670162
-10.707266,50,817.367023
-8.779164,50,818.036661
-8.777074,50,818.655514
-8.809145,50,819.282337
-9.729052,50,819.920099
-9.711357,50,820.588662
-9.722814,50,821.287529
-7.706766,50,822.09401
-12.860288,50,822.747602
-7.735504,50,823.410227
-7.874554,50,824.063043
-12.780636,50,824.701888
-7.835304,50,825.352539
-9.711865,50,826.003112
-7.73522,50,826.644048
-8.695739,50,827.256958
-7.750181,50,827.976767
-7.826034,50,828.598795
-9.775304,50,829.221645
-7.860172,50,829.84717
-7.717462,50,830.480063
-7.774291,50,831.136946
-7.907236,50,832.126483
-7.887121,50,832.841284
-8.736554,50,833.481577
-10.722227,50,834.200233
-7.735131,50,834.812993
-8.757333,50,835.432308
-8.726101,50,836.077871
-7.752198,50,836.751418
-7.730353,50,837.39528
-9.705653,50,838.155622
-10.753058,50,838.830094
-7.746057,50,839.563039
-8.866346,50,840.416841
-8.77586,50,841.236387
-7.72093,50,841.889563
-7.763365,50,842.568026
-13.720698,50,843.286767
-12.706278,50,844.241415
-7.826816,50,844.892722
-11.82929,50,845.579322
-7.810671,50,846.2405
-10.70912,50,846.968602
-8.702103,50,847.878464
-7.727382,50,848.778046
-8.722664,50,849.45912
-14.846842,50,850.12163
-8.75386,50,850.78964
-7.779535,50,851.471326
-7.785163,50,852.123484
-7.758609,50,852.790572
-7.71103,50,853.566006
-10.726788,50,854.33193
-7.854,50,855.043366
-8.781904,50,855.699456
-9.703777,50,856.331857
-10.81138,50,856.993595
-7.827539,50,857.682127
-7.725528,50,858.503843
-8.881539,50,859.279705
-7.725419,50,859.930468
-13.884314,50,860.577288
-7.775422,50,861.228085
-8.701682,50,861.871357
-7.828975,50,862.534318
-7.720309,50,863.196192
-7.773179,50,863.913828
-7.730013,50,864.568556
-7.727272,50,865.228264
-7.724042,50,865.886873
-8.72229,50,866.556331
-7.825389,50,867.741532
-8.711303,50,868.410952
-7.778803,50,869.169469
-10.745176,50,869.911894
-9.738262,50,870.59316
-7.745117,50,871.384113
-8.762801,50,872.146894
-7.720767,50,872.78181
-8.696081,50,873.435015
-7.723205,50,874.180307
-12.722595,50,874.994238
-7.70122,50,875.794524
-14.807161,50,876.58253
-7.798477,50,877.471403
-7.746186,50,878.219313
-7.771386,50,878.974151
-9.803031,50,879.887236
-9.703521,50,880.766737
-9.835091,50,881.575561
-8.724093,50,882.294824
-10.740461,50,882.976137
-8.732562,50,883.643432
-15.764825,50,884.295423
-7.73206,50,885.112744
-7.815338,50,885.836191
-9.782397,50,886.6326
-10.836355,50,887.451749
-14.831245,50,888.278012
-7.74412,50,888.920145
-8.796029,50,889.691897
-13.777247,50,890.690334
-9.889898,50,891.553101
-10.729789,50,892.373964
-14.779251,50,893.039298
-8.775042,50,893.762719
-10.722036,50,894.505044
-8.723827,50,895.270991
-13.883031,50,895.932397
-7.721846,50,896.614045
-8.720107,50,897.248234
-9.718507,50,897.881577
-7.783702,50,898.530973
-7.72205,50,899.165858
-7.698029,50,899.905241
-7.818787,50,900.721433
-12.772218,50,901.366415
-12.868731,50,902.034392
-7.721443,50,902.774885
-7.791678,50,903.524546
-9.741303,50,904.227751
-7.886442,50,906.129377
-7.694216,50,907.216856
-11.72677,50,907.967349
-13.760893,50,908.635931
-7.730699,50,909.326249
-7.729627,50,910.002138
-10.758695,50,910.742793
-8.713946,50,911.685496
-7.803598,50,912.50389
-9.790435,50,913.216955
-7.811754,50,913.871597
-7.724523,50,914.533778
-7.725756,50,915.261141
-7.773006,50,916.041157
-7.777202,50,916.730567
-7.714315,50,917.514307
-7.706753,50,918.157157
-9.722085,50,918.817563
-9.735042,50,919.485316
-8.71953,50,920.148244
-9.788421,50,920.883379
-11.729899,50,921.583168
-8.827199,50,922.230664
-8.704644,50,922.88891
-7.702386,50,923.527701
-11.835584,50,924.269442
-7.720836,50,924.911767
-7.79913,50,925.545437
-9.852565,50,926.809149
-8.756507,50,927.60094
-7.725504,50,928.287981
-11.725301,50,928.930794
-7.80797,50,929.60611
-7.76517,50,930.318372
-13.828284,50,931.050217
-7.77592,50,931.703539
-10.831935,50,932.34546
-7.88201,50,932.969392
-8.721576,50,933.592299
-7.779201,50,934.215208
-8.727251,50,934.859873
-11.720436,50,935.607067
-7.828168,50,936.528854
-7.777527,50,937.290442
-7.772536,50,937.962578
-8.717028,50,938.637869
-9.706315,50,939.263381
-10.764432,50,939.901923
-8.779017,50,940.554539
-7.71371,50,941.24754
-7.838718,50,942.205363
-7.721092,50,942.895613
-7.789837,50,943.521687
-10.886336,50,944.159337
-7.734281,50,944.854149
-14.722495,50,945.636344
-8.773774,50,946.510414
-9.722085,50,947.587842
-7.725352,50,948.352229
-9.847909,50,949.015497
-16.697216,50,949.748383
-8.708514,50,950.388393
-7.698669,50,951.093476
-8.746387,50,951.724528
-8.779747,50,952.343018
-8.76046,50,952.964769
-13.711863,50,953.590761
-8.722187,50,954.207649
-7.725292,50,954.858536
-7.801485,50,955.507136
-8.774736,50,956.133049
-10.799623,50,956.880998
-8.721856,50,957.528989
-9.7421,50,958.149319
-8.701772,50,958.776701
-7.803159,50,959.475734
-8.724394,50,960.088959
-8.879322,50,960.770352
-7.698971,50,961.627384
-8.708136,50,962.280957
-10.819776,50,962.894484
-8.706265,50,963.509181
-9.736072,50,964.124665
-7.733486,50,964.735437
-7.823565,50,965.346611
-13.74737,50,965.963035
-7.720592,50,966.573551
-7.753414,50,967.213854
-12.807498,50,967.984707
-7.801396,50,968.61026
-12.779029,50,969.235476
-8.765878,50,969.847071
-12.793184,50,970.450928
-7.736972,50,971.053142
-7.704312,50,971.72917
-7.855324,50,972.331881
-7.849455,50,972.938898
-9.741685,50,973.547158
-10.700497,50,974.153782
-7.809175,50,974.792239
