#{"t_start": 1746507355.086796, "env_id": "MergeEnv-v0"}
r,l,t
-15.767577,50,0.663633
-8.840193,50,1.010073
-13.61597,50,1.337082
-11.977899,50,1.78035
-11.660639,50,2.137855
-8.834512,50,2.496621
-10.976685,50,2.858396
-9.157115,50,3.182909
-7.815429,50,3.496127
-6.425715,50,3.81106
-12.674781,50,4.137257
-13.458498,50,4.448492
-12.772425,50,4.749553
-10.230227,50,5.058089
-7.702609,50,5.436127
-8.249487,50,5.781614
-7.523083,50,6.099109
-8.60101,50,6.408362
-10.314821,50,6.712848
-6.34686,50,7.013544
-10.616999,50,7.322844
-10.252845,50,7.62718
-10.328167,50,7.929969
-5.549938,50,8.234398
-7.503668,50,8.542504
-11.850854,50,8.846171
-12.707829,50,9.165676
-8.459299,50,9.470584
-6.639811,50,9.773747
-13.385391,50,10.075637
-10.147101,50,10.378892
-11.784069,50,10.682105
-10.552782,50,10.98215
-0.052097,23,11.133099
-13.779547,50,11.434622
-11.924128,50,11.736941
-11.730257,50,12.042713
-11.072067,50,12.350438
-10.176518,50,12.653783
-11.85689,50,12.969709
-12.876254,50,13.296614
-12.953212,50,14.098327
-12.363834,50,14.570447
-15.689412,50,14.90168
-11.691882,50,15.294133
-16.397192,50,15.668917
-15.120572,50,15.997357
-10.271513,50,16.323275
-9.956922,50,16.639186
-12.925113,50,16.942976
-6.177874,50,17.395245
-10.087125,50,17.726575
0.241506,22,17.890108
-12.422547,50,18.196136
0.596643,22,18.343354
-8.295057,50,18.655793
-0.298247,26,18.826158
-14.103193,50,19.131113
-8.617266,50,19.441835
-10.62398,50,19.747737
-11.295277,50,20.053539
-16.892101,50,20.364238
-11.017428,50,20.6718
-10.35712,50,20.975052
-11.425354,50,21.277344
-11.783649,50,21.581977
-12.997204,50,21.909614
-10.69438,50,22.215896
-7.754158,30,22.409039
-11.803885,50,22.716497
-13.179284,50,23.022651
-12.866783,50,23.328095
-8.898833,50,24.093179
-10.764198,50,24.409997
-11.545133,50,24.738133
-10.696952,50,25.049589
-10.225423,50,25.393879
-11.909964,50,25.736152
0.230785,21,25.887791
-10.80269,27,26.064012
-12.184334,50,26.365586
-5.422094,28,26.547841
-11.325876,50,26.855034
-9.665524,50,27.179323
-5.994975,50,27.49076
-8.697891,50,28.149367
-10.870513,50,28.520649
-15.975904,50,28.844858
-10.296923,50,29.146924
-16.872992,50,29.449553
-10.075946,28,29.629978
-13.854969,50,29.932315
-15.500753,23,30.084574
-16.790768,50,30.388238
-11.33021,50,30.692327
-9.794952,50,30.994852
0.363615,24,31.153403
-16.516034,50,31.454227
-10.744931,50,31.756342
-10.86256,50,32.068866
-11.645571,50,32.371755
-0.018647,30,32.563781
-12.012907,50,32.865182
0.324224,28,33.044874
-10.126969,50,33.346101
-10.332927,50,33.648829
-11.505105,50,34.162294
-11.973728,50,34.468866
0.626702,20,34.614468
-9.516519,50,34.94355
-10.395231,50,35.264241
-11.458459,50,35.57127
-9.4004,50,35.900241
-13.568609,21,36.051453
-13.113868,50,36.353072
-7.23949,50,36.656963
-0.193679,28,36.837246
-11.624048,50,37.139068
-1.425496,20,37.275428
-17.439245,26,37.442539
-11.935734,50,37.746166
-6.703953,50,38.048144
-15.335267,50,38.350829
-9.873024,50,38.654074
-11.166163,50,38.955155
-0.119417,32,39.156818
-15.790345,50,39.458973
-16.011442,50,39.761085
-9.740143,50,40.064136
-11.233368,50,40.368053
-13.308027,50,40.671755
0.287636,22,40.818486
-7.878133,23,40.969317
-21.518894,21,41.436929
-10.727551,50,41.76367
-6.387987,50,42.067812
-10.917759,50,42.368996
-10.889585,50,42.674365
-11.478033,50,42.978471
-10.315407,50,43.280264
-14.252633,50,43.58309
-16.817184,50,43.884702
0.109376,24,44.042116
-7.132637,50,44.343446
-0.121837,31,44.540224
-11.9835,50,44.84358
-15.595506,50,45.152623
0.504242,22,45.310758
-3.549557,23,45.473891
-2.621914,20,45.620019
-10.191155,50,45.983547
-9.578122,50,46.323339
-6.995088,50,46.630668
-7.975728,23,46.790677
-28.015506,30,46.981756
-11.881323,50,47.284295
-15.267638,50,47.586638
-17.00878,50,47.889349
-11.570625,50,48.191887
-9.803593,50,48.495
-7.073902,50,48.802332
-7.122763,50,49.106647
0.207345,24,49.264371
-0.322123,24,49.421448
-6.218858,50,49.725805
-13.264719,50,50.180178
-28.878566,50,50.485708
-6.328038,50,50.79185
-10.564597,50,51.094685
0.248514,21,51.308281
-12.968197,50,51.631781
-17.920733,50,51.935938
-14.342085,50,52.251606
-6.09284,50,52.555507
-12.276128,50,52.860358
-9.729091,50,53.161488
-16.963302,50,53.46522
-11.336182,50,53.766535
-11.113159,50,54.070428
-15.586371,50,54.373322
-3.954228,31,54.909838
-10.535882,50,55.21604
-10.821603,30,55.406962
-10.709538,50,55.710152
-6.759497,50,56.036692
-14.012155,50,56.406958
-1.619466,27,56.588602
-5.189959,50,56.901639
-11.273715,50,57.26626
0.64216,19,57.398004
-14.512198,50,57.711999
-5.123954,50,58.016598
-10.723625,50,58.320658
-11.415197,50,58.624154
-5.41848,50,58.929729
-14.820056,50,59.231836
-6.463858,50,59.53449
-5.130737,50,59.840548
-11.933227,50,60.144135
-0.093021,26,60.313026
-6.887418,50,60.616297
-11.799457,50,60.920547
-10.261919,50,61.223195
-18.177575,50,61.529497
-11.018517,50,61.830671
-6.396174,50,62.141719
0.367564,25,62.306448
-11.668453,50,62.607614
-12.665187,27,62.782029
-13.568956,50,63.084165
-13.113157,50,63.387017
-11.066395,50,63.692989
-12.287774,50,63.999437
-10.752402,50,64.3038
-12.348712,50,64.60692
-4.69617,50,64.910939
-6.182692,50,65.305617
-10.81885,50,65.673954
-10.858776,50,65.976462
-14.348096,21,66.126232
-12.942646,50,66.611665
-10.28155,50,66.931213
-16.779376,50,67.257868
-18.335079,50,67.57083
-20.315266,21,67.715182
-10.655567,50,68.377252
-13.202184,50,68.685221
-11.543608,50,68.994632
-16.639479,50,69.299772
0.64129,20,69.435734
-10.582071,50,69.819032
-25.566053,50,70.121209
-7.75084,50,70.426096
-8.645458,24,70.585383
0.591454,22,70.732628
0.156588,22,70.879866
-5.814766,50,71.181747
-3.443618,19,71.311361
-0.40161,29,71.496685
-12.070127,50,71.800018
-21.887833,50,72.102208
-1.915884,22,72.249396
-12.199481,50,72.55269
-11.594983,50,72.85559
-11.854093,50,73.162095
-10.143112,50,73.466079
0.428346,21,73.60656
0.396735,22,73.753383
0.132795,23,73.904361
-14.897895,50,74.20642
-7.816468,50,74.508914
-12.275603,50,74.811775
-11.826064,50,75.112186
-15.055785,50,75.416116
-15.627687,50,75.72085
-11.550529,50,76.021891
-13.395374,50,76.39042
-2.740641,20,76.551659
-12.133682,50,76.865124
-15.434258,21,77.007016
-10.973888,50,77.311982
-19.357796,50,77.631847
-10.802571,50,77.954783
-4.630442,50,78.26657
-11.028446,50,78.570889
-13.686032,50,78.875361
-11.361334,50,79.186223
-12.702112,50,79.48955
-9.590572,50,79.788314
-19.252488,50,80.091707
-9.686174,50,80.394956
-12.235815,50,80.699684
-10.51152,50,81.004563
-15.121191,50,81.647423
-8.869698,50,81.950361
-11.507554,50,82.252465
-10.199056,50,82.554434
-12.9269,50,83.160603
-2.958212,21,83.30055
0.609438,24,83.457186
-11.643454,50,83.757326
0.463505,19,83.887459
-1.585527,23,84.037995
-1.829369,28,84.229854
-7.12152,50,84.550325
-6.713646,50,84.849606
-10.141679,50,85.152108
-11.160544,50,85.454142
-0.130672,28,85.635528
-6.320002,50,85.936717
-13.074736,50,86.252599
-9.689775,50,86.62258
-11.973235,50,86.972722
-4.669578,22,87.127626
-5.808988,26,87.303896
0.378908,20,87.438733
-14.580521,50,87.739501
-24.314049,50,88.060219
-11.568859,50,88.53446
-7.57415,50,88.8611
-11.13386,50,89.17433
-13.691188,50,89.47551
-15.834885,50,89.789997
-9.632847,50,90.095838
-20.346239,19,90.234329
-6.360659,50,90.550925
-0.092822,30,90.741463
-14.394403,50,91.04227
-2.151638,26,91.221546
0.12051,25,91.391696
0.601664,19,91.521883
-16.993878,50,91.822995
-12.702254,50,92.148376
-20.064897,50,92.525272
-20.850892,50,92.826706
-15.128159,50,93.129872
-4.590438,50,93.428869
0.462181,23,93.581086
-13.428348,29,93.764803
-11.849849,50,94.064874
-11.144716,50,94.364369
-11.526068,50,94.666121
-11.019452,50,95.360373
0.063511,31,95.563685
-4.090053,25,95.726335
-6.610164,50,96.028715
-6.241908,50,96.342663
-16.596086,50,96.650135
-1.582605,30,96.839827
-3.038857,32,97.040417
-9.237792,50,97.395724
-12.927102,50,97.714943
-5.780055,50,98.037198
-11.051196,50,98.341967
0.51531,26,98.509466
-3.371307,27,98.682517
-13.78938,22,98.826996
-4.541339,21,98.969665
-7.893035,50,99.294834
-13.649482,50,99.938539
-13.936341,50,100.249949
-10.531462,50,100.577368
-6.015309,50,100.888696
-9.751732,50,101.196217
-4.627093,50,101.498646
-12.01714,50,101.798587
-11.519193,21,101.940967
-7.173393,50,102.245236
0.033553,25,102.408477
-10.978874,50,102.720877
-16.161631,50,103.05468
0.147287,29,103.242845
-4.731102,22,103.388138
0.531384,31,103.584778
-10.784767,50,103.886428
-12.519223,50,104.189308
-1.952293,32,104.392856
-9.886555,50,104.698545
-14.555981,50,105.000014
-10.763119,50,105.311877
-23.833742,50,105.707672
-8.137871,50,106.011681
0.043461,23,106.162272
-38.437147,50,106.464789
-9.83176,50,106.769077
-6.749299,50,107.109006
-3.31367,29,107.311299
-14.385982,50,107.653275
-11.8303,50,107.95765
0.278702,23,108.109143
-10.780324,50,108.413772
-16.516903,50,109.055389
-7.20209,50,109.364651
-12.080845,50,109.668885
-11.94182,50,109.988427
-11.969854,50,110.309109
0.498027,21,110.454888
-10.748274,50,110.76226
-14.559625,20,110.896982
-0.53968,28,111.075861
0.595693,20,111.212868
-25.132036,50,111.526191
-10.390306,50,111.827526
-20.394968,22,111.973642
0.470271,25,112.137549
-0.05424,26,112.306102
-11.318753,50,112.608771
0.15534,29,112.793495
0.437018,22,112.939357
-27.135675,50,113.242973
-11.336478,50,113.547676
-4.348016,31,113.743125
-10.108247,50,114.045582
-15.67968,50,114.348489
-11.891375,50,114.649422
-8.859426,50,114.952114
-24.407896,25,115.115078
-3.448893,20,115.250019
-11.21505,50,115.560308
-16.231293,50,115.859897
-14.780944,50,116.331631
0.517528,22,116.515563
-17.468487,27,116.690703
-9.985854,50,116.992612
-12.121594,50,117.329697
0.049767,22,117.475634
0.60601,24,117.633565
-12.217336,50,117.934773
-12.065697,50,118.237904
-16.452106,50,118.54042
-9.103858,50,118.842989
0.455966,20,118.978109
0.242658,25,119.141339
0.358827,29,119.327298
0.524615,22,119.473817
-11.742335,50,119.774101
-16.594526,50,120.076282
-5.966904,25,120.240477
-10.212646,50,120.554194
-18.479705,50,120.886265
-6.463672,20,121.027702
-11.937826,50,121.342746
-14.321913,19,121.471943
0.050249,25,121.634191
-17.174577,50,121.935352
-26.558186,50,122.587012
-7.060066,50,122.914823
-12.197185,50,123.23654
-13.631807,50,123.541584
-23.957173,50,123.843937
0.124171,24,124.001225
-6.577067,50,124.301489
-5.949105,50,124.602104
-11.673497,50,124.904207
-7.611249,50,125.288202
-13.423092,50,125.592212
-7.262465,50,125.894565
-29.657936,50,126.196216
-7.124673,50,126.49667
0.544397,31,126.694138
-14.973298,50,126.996653
-11.236906,50,127.312462
-36.43804,25,127.49045
-10.57088,50,127.792349
-16.760829,50,128.105036
-11.455909,50,128.408455
-6.466999,28,128.589009
-0.160314,26,128.757652
0.512915,19,128.888416
-12.716626,50,129.198209
0.191883,29,129.386686
-18.416428,50,129.689362
-16.468081,24,129.845934
-12.605519,50,130.147352
-11.532862,50,130.456377
0.072454,26,130.625678
0.230742,24,130.785682
0.51671,20,130.925586
-7.556471,50,131.237547
0.233135,30,131.470585
0.121262,23,131.63334
0.047223,29,131.829797
-2.674945,23,131.987994
-5.060784,50,132.606989
0.47194,28,132.790149
-31.752633,28,132.976135
-4.358997,19,133.105434
0.573014,23,133.25984
-7.381441,50,133.56182
-10.408967,50,133.864377
-1.374099,21,134.005042
-16.149039,50,134.307633
-11.25621,50,134.609511
-7.402629,29,134.795187
-34.676909,50,135.096926
-15.167441,50,135.397968
0.083843,25,135.894639
-12.866366,50,136.20899
-13.121084,50,136.512875
-0.307325,32,136.714757
-18.497235,50,137.015847
-11.437861,50,137.373645
-16.542565,27,137.56175
-5.231012,50,137.871764
-6.384515,50,138.174968
-4.90429,31,138.371527
-12.845751,50,138.673709
-10.14185,50,138.97585
-6.526369,50,139.278169
-5.624181,20,139.412914
-6.24504,50,139.715787
-37.496358,50,140.018287
0.174451,31,140.281212
0.220323,22,140.455408
-11.645056,50,140.758877
0.185618,29,140.943436
-4.576925,30,141.134933
0.635372,19,141.264028
-11.161144,50,141.567022
-5.55525,50,141.869627
0.307917,23,142.023765
-11.065641,50,142.344071
-10.623123,50,142.662843
-11.453146,50,142.97121
-4.879769,50,143.274432
-2.252363,25,143.436363
-10.474697,50,143.751756
-12.478012,50,144.054154
-12.56143,50,144.357293
-16.297608,50,144.658954
-12.296825,50,144.960361
-12.597313,50,145.264387
0.597596,19,145.39403
-8.82286,50,145.698644
0.063974,28,145.879368
-11.603424,50,146.181436
0.519476,21,146.321819
-13.380395,50,146.623747
-11.630123,50,146.92668
-15.73292,29,147.111275
-12.650684,50,147.427259
-7.741643,50,147.746357
-11.263813,50,148.05092
-6.32128,26,148.22004
-12.161019,50,148.521343
-38.303266,50,149.356684
-6.343184,50,149.667813
-14.254523,50,149.973165
-9.644463,25,150.136657
0.125066,22,150.284215
-1.355297,21,150.424474
-10.529324,50,150.728469
-12.552501,50,151.030831
-4.389668,28,151.209179
-11.236361,50,151.511418
-6.265684,50,151.815435
-6.783342,50,152.117768
-12.359741,50,152.419377
0.477068,23,152.570544
0.618854,24,152.729842
0.178696,25,152.899378
-12.157741,50,153.231486
0.319659,25,153.402787
-22.089348,50,153.710925
-12.735952,50,154.01335
-7.264546,50,154.328212
0.400642,27,154.504323
-10.188662,50,154.806491
0.368915,26,154.979926
-1.64202,23,155.133115
-11.267686,50,155.435865
0.676673,22,155.584796
-11.965716,50,155.887699
0.092958,30,156.07749
0.244703,29,156.262192
-18.93871,50,156.565243
-10.31191,50,156.867536
-25.396115,22,157.013321
0.021345,22,157.159544
-7.491328,50,157.528286
-0.574344,33,157.757495
-10.847689,50,158.061053
-9.609991,29,158.246592
-4.457771,24,158.403232
-2.987768,21,158.543946
0.302132,26,158.712429
-16.141544,50,159.015378
0.483553,24,159.172135
-7.348785,50,159.475833
0.095179,22,159.623431
0.506631,29,159.807378
-1.849257,25,159.97078
0.449656,25,160.133012
-6.405638,50,160.436045
-13.42446,50,160.740202
-15.270746,50,161.043198
-6.311375,50,161.346209
-10.572835,50,161.648321
-6.380696,50,161.952013
-15.161686,50,162.589712
-20.697246,21,162.736232
0.395286,23,162.887789
-6.385185,50,163.190858
-0.192548,27,163.364284
-6.892582,25,163.537673
-12.554714,24,163.704092
-15.285979,50,164.025271
-10.444423,50,164.334772
-12.041057,50,164.639583
-3.587681,21,164.781992
0.308514,26,164.957625
0.192731,23,165.132099
-0.330525,14,165.368344
-3.506773,20,165.507109
-11.745296,50,165.817163
-0.158227,27,165.991794
-1.964714,37,166.222834
-17.165099,50,166.530518
-15.589929,24,166.691237
-10.167071,50,166.991905
-12.096847,50,167.296158
-12.462506,50,167.598932
-0.352262,22,167.792181
-12.892045,50,168.134085
0.577361,22,168.291107
-52.848972,50,168.596242
-12.651447,20,168.731783
-13.164619,50,169.033664
0.436361,28,169.213651
-11.872948,50,169.516468
-31.276929,50,169.818925
-12.136123,50,170.121889
-10.901558,50,170.424253
-6.409372,25,170.589913
-10.571903,50,170.892407
0.495998,26,171.062405
-12.752296,24,171.226847
-6.194039,50,171.611009
-9.499914,22,171.759104
-11.732514,50,172.062509
-16.810487,50,172.366522
-8.98782,28,172.547492
-14.34389,50,172.84903
0.506083,22,172.996353
-12.344774,50,173.297061
0.537073,30,173.487715
0.516722,22,173.633786
-11.331263,50,173.936565
-6.766763,21,174.079426
0.057385,30,174.27426
-11.310961,50,174.600865
-0.05526,27,174.78808
-4.563665,29,174.981257
-11.74157,50,175.291618
-10.703409,50,175.597468
0.578734,21,176.078587
-12.336128,50,176.392747
-9.560412,19,176.522405
-10.876965,50,176.825241
-2.751712,23,176.977295
-14.859799,50,177.280145
-7.795804,30,177.47185
0.297554,20,177.606911
-11.987306,50,177.910787
-11.477062,50,178.238556
-4.790545,50,178.54284
-10.998293,50,178.84667
-10.384742,19,178.975868
-22.591866,50,179.278911
-0.158329,32,179.482042
-11.050548,50,179.787355
-11.873311,50,180.090145
0.551819,25,180.254669
-6.581737,30,180.445813
-0.016801,27,180.620781
-12.246058,50,180.924627
-6.451829,50,181.227621
0.445486,21,181.36767
-19.852789,50,181.975104
-12.151091,50,182.27922
-11.508195,50,182.583923
-51.668757,30,182.774616
-11.534618,50,183.080006
0.542214,26,183.256694
-17.711658,50,183.561758
-7.499081,22,183.707602
0.494138,24,183.866725
-13.125733,50,184.168575
-10.352574,50,184.47358
-13.102252,50,184.776582
0.024595,26,184.948098
0.548036,25,185.122675
-5.468764,50,185.442246
-1.220361,33,185.659852
-5.207856,50,185.968935
-10.311968,50,186.273184
-14.838693,32,186.479593
-14.535947,50,186.786533
-6.539107,50,187.087533
-10.054166,50,187.393188
-17.673814,50,187.696577
0.368562,26,187.867594
-10.864896,25,188.030084
-6.834177,24,188.205122
0.668254,22,188.358593
-14.391128,50,188.661288
0.620823,24,188.819116
-11.804752,50,189.134525
0.366751,20,189.601667
-15.805765,24,189.76739
-13.245503,50,190.071758
-13.22538,50,190.376174
-12.895607,50,190.682018
0.338729,27,190.85603
0.569657,22,191.00231
-7.936274,50,191.37059
-21.473336,22,191.516904
-1.770941,24,191.674549
-18.282508,50,191.977957
0.409274,27,192.155626
-12.433956,50,192.457626
-6.756781,31,192.654466
-5.859418,23,192.805497
-11.830341,50,193.108711
0.057196,21,193.24931
-12.254447,50,193.552246
-11.658162,50,193.855347
-0.063794,30,194.047931
-10.546285,50,194.351387
0.388044,19,194.481131
-5.520386,28,194.660519
-27.822723,50,194.963456
0.157539,31,195.161024
-10.923524,50,195.463131
0.488746,20,195.599623
-16.425639,50,195.918119
-7.002948,24,196.085825
-15.246531,50,196.403478
0.290521,25,196.570415
0.101885,28,196.750757
-10.647286,50,197.05386
-10.867082,50,197.368473
-11.846956,50,197.670939
0.493539,20,197.807189
-0.605086,19,197.936702
-14.069155,50,198.611391
-12.068941,50,198.919864
-1.790276,31,199.117817
-11.990613,50,199.423357
-10.193279,50,199.733236
-9.986436,24,199.890528
-12.576579,50,200.194073
-10.908107,50,200.496714
0.67134,21,200.639178
-7.159786,50,200.942382
-11.168662,50,201.246408
0.287737,27,201.42026
0.618892,19,201.549588
0.466314,30,201.741848
0.236509,26,201.911131
-12.443672,50,202.215741
-2.928266,31,202.411958
-13.057472,50,202.713217
0.442478,27,203.217882
-10.93488,50,203.528728
-12.085734,50,203.83259
-11.49812,50,204.135705
-11.627686,50,204.439153
-11.819218,50,204.743642
-11.340389,50,205.046816
-0.392038,27,205.220649
-0.061855,27,205.406567
0.529791,28,205.600013
-11.683893,50,205.903944
-16.783669,31,206.101851
-22.359758,23,206.253971
0.166266,22,206.402188
0.722097,20,206.54614
-30.467745,23,206.702682
-1.600112,27,206.891027
0.303816,29,207.083708
0.385114,22,207.234255
0.413307,23,207.385361
0.431127,19,207.514217
-12.741159,50,207.816573
-11.283932,50,208.133294
-14.101543,50,208.450839
-7.547292,21,208.603034
-11.731674,50,208.904427
-12.979597,50,209.20782
-13.675923,50,209.511224
-9.724216,25,209.675428
-10.437959,50,209.978789
-11.169578,50,210.346598
-11.449085,50,210.651532
-11.339346,50,210.954019
-11.134114,50,211.259422
-12.934339,50,211.561493
-11.444407,50,211.863344
-10.663001,50,212.165546
0.569315,30,212.356288
-14.8056,27,212.530925
-1.19185,29,212.716833
0.490267,20,212.850949
0.539225,19,212.980157
-1.389295,19,213.109746
0.452466,25,213.273561
-4.55102,21,213.420401
-4.576535,30,213.612686
-12.836057,50,213.926629
-12.773949,50,214.231227
-7.281726,19,214.363249
0.580791,11,214.606963
0.279684,21,214.749791
0.196769,21,214.893084
0.207782,27,215.070416
0.456708,26,215.239601
0.378562,27,215.415662
0.167446,20,215.551119
0.560619,20,215.687653
-12.148535,50,215.995411
-12.093986,50,216.300887
-10.892276,50,216.944663
0.162317,23,217.098362
-7.536019,31,217.307849
0.551745,19,217.446214
0.35657,20,217.590421
-2.706997,21,217.736228
-12.283828,50,218.044024
0.58177,25,218.206997
0.526929,20,218.344031
-11.857559,50,218.67278
0.592418,22,218.827543
0.403209,24,218.985829
-9.440247,21,219.126947
-9.60233,20,219.26286
-6.082211,50,219.565393
0.302412,23,219.718242
-23.021714,50,220.020526
-17.310773,20,220.157675
0.280384,22,220.303826
-15.621169,50,220.610209
-17.401857,50,220.913236
-21.443794,20,221.047897
0.475909,24,221.204885
-8.97657,21,221.347032
0.606717,20,221.481407
-12.546731,50,221.784208
-11.744335,50,222.087637
0.031359,25,222.251497
-23.917735,26,222.420474
-11.056825,50,222.723908
-12.178179,50,223.026286
-30.502724,21,223.167668
-11.108169,50,223.468436
-11.065434,50,223.771489
-10.969202,50,224.075412
0.110075,30,224.271957
-0.698692,23,224.428352
-17.093185,50,224.734203
-2.606749,24,224.892913
-5.018207,23,225.045249
-14.158035,50,225.35966
0.586835,30,225.551172
-11.951372,50,225.858094
-11.48548,23,226.010098
-13.859304,50,226.313698
-14.320289,50,226.617172
-13.426473,50,226.919219
-4.343571,24,227.0769
-14.715568,50,227.448532
-11.102878,50,227.754393
0.18255,24,227.922439
-9.33688,20,228.064696
-0.640495,25,228.241465
-7.531409,50,228.561299
-10.681704,50,228.906166
0.569117,29,229.120247
-11.808679,50,229.448619
0.527279,20,229.584782
-10.843148,50,230.218631
-7.384629,50,230.532218
0.281807,22,230.680545
-3.516619,21,230.822159
-11.562167,50,231.1229
-19.255029,50,231.560277
-14.943869,50,231.864295
0.670315,21,232.004649
-16.38943,24,232.164753
0.341266,24,232.322633
-0.063445,32,232.525208
-12.351986,50,232.834207
0.301429,24,232.991544
0.19741,29,233.177957
-19.427006,24,233.336067
0.122082,24,233.493727
-10.998591,50,233.796005
0.586435,20,233.931242
-14.062771,50,234.236583
0.499979,23,234.388947
0.469906,19,234.519126
-14.493949,50,234.822179
-10.422336,50,235.125563
-11.886666,50,235.429495
0.41575,25,235.593885
-12.256414,50,235.896526
-1.607401,27,236.071614
-12.897523,50,236.377038
0.044824,21,236.51867
-7.562307,50,236.821729
-10.68073,50,237.122413
-8.28266,50,237.422681
-3.886944,25,237.586266
-23.449431,28,237.766961
0.306305,28,237.946701
-13.114177,50,238.250952
-15.313568,50,238.556595
-9.836733,50,238.872874
-12.063714,50,239.223987
-11.982084,50,239.537401
-17.260726,50,239.840671
-18.078901,50,240.152894
-2.582823,27,240.33232
-10.569536,50,240.638143
-11.829927,50,240.941637
0.460857,19,241.071161
-12.245226,50,241.372493
-11.309507,19,241.50355
-12.242393,50,241.806769
0.431643,28,241.98658
0.180291,22,242.132007
0.509016,24,242.291186
-4.75331,50,242.592719
-18.28291,20,242.729327
-0.960442,22,242.875443
-16.054827,50,243.515388
-13.126062,50,243.830067
-4.942304,50,244.135486
-10.573092,50,244.438553
-10.621435,24,244.596358
0.42276,21,244.737021
0.661345,20,244.87333
0.368699,25,245.044654
-16.873214,50,245.362438
0.390666,30,245.559257
-35.573469,50,245.865773
-12.879859,50,246.17311
0.434344,20,246.310272
0.516603,28,246.490232
0.286012,26,246.658477
-11.805764,50,247.06205
-12.870624,50,247.365474
0.43598,25,247.528822
-29.636214,50,248.135593
-11.034078,23,248.293864
-5.099015,28,248.477472
0.075479,25,248.640128
0.086147,29,248.826328
-13.71058,33,249.03821
-3.56492,19,249.205276
0.266786,24,249.403946
-0.071455,22,249.570697
-6.908947,50,249.913157
0.180248,27,250.117144
-12.561117,19,250.261088
0.697824,20,250.409108
-11.884281,50,250.71632
-15.45448,50,251.031518
0.359892,25,251.194726
0.406996,26,251.364061
-11.212621,50,251.665326
-2.712698,25,251.829744
0.511913,26,251.997207
-10.575195,50,252.300564
0.253973,23,252.45387
0.422064,28,252.633203
-11.96511,50,252.936585
-20.519656,30,253.128223
0.432928,26,253.297775
0.015448,23,253.450432
0.440756,31,253.646
-2.030343,27,253.820002
-11.259184,50,254.122626
-1.847084,25,254.286055
-12.779174,50,254.589554
0.525664,21,254.730902
-10.61427,50,255.031638
0.316366,31,255.227897
-11.859401,50,255.529129
-3.691912,23,255.682174
-7.894795,24,255.839811
0.44191,26,256.007799
-13.205314,50,256.314313
-0.269488,28,256.495166
-0.644277,20,256.629718
0.702477,19,256.759281
0.440163,20,256.894757
-0.552298,29,257.078889
-12.237968,50,257.721689
0.541271,25,257.884949
-13.836817,50,258.186843
0.251581,20,258.321075
-10.43658,50,258.62446
-10.690585,50,258.926952
0.502602,24,259.093445
-15.891689,50,259.44466
-12.130666,50,259.76511
0.457417,22,259.912746
0.394618,31,260.109581
-7.829961,50,260.428873
-10.434106,50,260.754489
-4.731573,26,260.929269
-10.151101,50,261.23264
0.560581,24,261.389085
-8.3201,19,261.518205
0.386899,29,261.71119
-7.561745,21,261.853908
0.512185,25,262.017731
-11.653355,50,262.320705
0.506409,21,262.461659
-4.070617,26,262.630499
0.357625,22,262.776432
-11.652559,50,263.07823
0.26019,27,263.251386
0.474178,19,263.380694
-10.855815,50,263.681766
0.258014,23,263.834394
0.29998,22,263.979891
0.042379,24,264.137393
0.261319,26,264.305227
-16.632861,50,264.914628
0.653833,21,265.054806
-10.653448,50,265.435755
0.262401,25,265.600002
0.54544,24,265.758701
0.27542,22,265.908353
0.681691,21,266.049748
-10.761049,25,266.213752
-10.055561,28,266.393393
-10.621819,50,266.695203
0.567717,29,266.880767
-12.554844,50,267.182609
0.257198,25,267.345475
-10.417876,23,267.498151
-23.993764,50,267.800484
-0.723053,21,267.941537
-13.689303,50,268.247054
-18.205137,50,268.550031
-8.56562,23,268.701657
-11.726555,50,269.003708
0.331228,20,269.138463
0.638403,20,269.272501
-10.597734,50,269.601437
-5.538223,25,269.766213
0.456409,25,269.928468
0.458788,24,270.086851
-7.570356,24,270.243395
0.228822,21,270.384583
0.305548,29,270.56954
-4.758754,30,270.762186
-10.62797,50,271.462337
-11.441344,50,271.7702
0.255997,24,271.927571
-1.7222,29,272.111887
-6.470094,50,272.417571
-5.744903,50,272.730469
-8.727193,26,272.899028
-10.677752,50,273.20065
-12.747942,50,273.510723
0.392123,23,273.662456
-7.805412,28,273.842994
-10.412484,50,274.145007
-12.852698,50,274.447749
-31.733743,50,274.75
0.24456,23,274.902531
0.400805,26,275.075794
0.501321,30,275.268199
0.182786,20,275.402569
0.348275,23,275.554893
0.463897,24,275.713087
-1.763459,23,275.865158
-12.402012,50,276.165777
-16.553277,50,276.470281
-7.603216,29,276.658319
-10.416172,19,276.788148
0.383328,25,276.951843
-27.130657,50,277.251348
-13.528702,28,277.431409
-0.689904,26,277.599998
-21.509182,50,277.901206
-29.293087,20,278.037666
-10.444661,50,278.338618
-10.620176,50,278.641687
-7.775247,50,278.945624
-10.660573,50,279.249792
-15.805498,50,279.560825
-11.518512,50,279.882792
-0.107578,32,280.084963
-11.053151,50,280.385851
0.143188,23,280.537729
-2.738724,22,280.68585
-12.256065,50,281.17959
0.298455,21,281.322531
0.139547,28,281.502577
-17.547668,27,281.681281
-29.545185,25,281.855073
-11.438238,50,282.17812
-12.968865,50,282.499512
0.5461,28,282.686286
-1.619609,20,282.821327
-41.407797,50,283.126833
0.41341,19,283.26661
0.308225,23,283.422726
0.466901,19,283.55195
-2.649725,23,283.703288
0.009764,27,283.878832
-5.760606,30,284.070141
0.038066,31,284.268291
-26.402826,50,284.908257
-3.823491,24,285.06775
-5.224602,50,285.37968
-19.832393,30,285.570574
-10.652696,50,285.876725
-9.596095,26,286.045092
-12.492534,20,286.179922
-14.38223,26,286.350343
-19.377448,50,286.652555
0.55707,29,286.839438
0.234165,24,286.996618
-6.521897,23,287.148101
-9.635755,24,287.306822
0.611408,22,287.453324
-16.58094,50,287.75761
-5.521053,50,288.061252
-7.767968,22,288.207744
-1.896858,27,288.383338
-7.540736,23,288.544338
-13.433837,50,288.853023
-13.089244,50,289.157105
-4.588102,26,289.327455
0.386217,29,289.512405
0.325183,31,289.926618
0.292361,30,290.147272
-21.534494,50,290.461229
-4.867503,24,290.621086
0.279374,28,290.801296
-0.086284,27,290.976357
-11.293189,50,291.283891
-3.614825,19,291.469456
0.374119,22,291.617884
-16.399506,21,291.75843
0.550948,21,291.898706
0.309471,30,292.090615
-17.838777,50,292.394782
0.423656,31,292.602227
-12.054795,50,292.925345
-16.616279,28,293.111334
0.620705,31,293.312499
-13.428364,50,293.616961
-17.689172,31,293.818919
0.455432,24,293.985481
-0.638778,19,294.117934
-12.849172,50,294.431342
-13.013884,50,294.737492
0.418689,25,294.901576
0.459139,20,295.036035
-14.424112,50,295.340105
-3.503739,19,295.46998
0.294104,27,295.647022
-13.031193,50,295.949211
0.635041,22,296.095931
-4.502646,21,296.236417
0.414969,20,296.371472
-30.437685,23,296.524255
-12.607955,50,296.827001
-19.458291,50,297.12974
0.535583,22,297.276659
0.023223,21,297.416745
-13.647621,27,297.589948
0.499654,25,297.897463
-12.404733,50,298.297452
0.181737,22,298.778433
-11.52202,22,298.932893
0.192758,21,299.075566
-31.568447,27,299.25394
-10.370803,50,299.556115
0.382303,22,299.703843
-0.740285,27,299.876932
-20.365914,50,300.206085
-4.769031,23,300.361673
-17.218878,50,300.66454
-15.079673,50,300.969105
0.380807,24,301.126678
0.206485,21,301.267442
-14.640775,31,301.463952
0.593541,19,301.59334
-1.269469,28,301.773149
-12.649235,50,302.074417
-13.530878,50,302.377357
-10.489407,50,302.680316
-7.736808,50,302.983931
0.299157,26,303.156152
-12.644537,30,303.364267
-10.797441,50,303.705095
0.629586,25,303.878237
-10.672701,50,304.190503
0.484235,31,304.444862
-13.442003,23,304.600253
-11.529469,50,304.919147
-11.473074,24,305.075929
-12.118685,50,305.378096
-14.323993,21,305.518364
-6.535409,31,305.716959
-14.465853,50,306.022504
-14.497246,29,306.207218
-10.80847,50,306.510187
-10.419117,50,306.812374
-4.798984,25,306.976038
-12.047355,50,307.277606
-11.84365,50,307.577828
-11.882173,50,307.879929
0.018468,29,308.066121
0.690488,19,308.195163
0.336357,20,308.329248
-15.621452,50,308.632364
-10.856735,50,308.940577
0.61797,26,309.112205
-11.665529,50,309.415198
-12.202804,50,309.717838
-26.304599,22,309.864344
-11.054572,50,310.183877
0.293834,23,310.346815
-11.704967,50,310.6515
-14.67194,50,310.95716
-23.365723,20,311.091999
0.592026,20,311.231022
-2.569314,30,311.426332
-57.936485,31,311.624285
-15.922697,50,312.268903
-12.278871,50,312.577828
0.347861,26,312.747783
-17.777092,29,312.933356
0.290401,26,313.102066
-5.458535,22,313.248269
-35.476142,26,313.417193
-10.51581,50,313.72029
0.198718,31,313.92371
-12.862619,50,314.246023
-3.838678,27,314.43175
-18.784222,50,314.892001
-12.351985,50,315.198613
-10.956386,50,315.605807
0.022949,21,315.748389
-11.913386,50,316.050763
-11.925918,50,316.353868
0.065849,31,316.551183
-10.618509,29,316.736811
-3.209335,23,316.890498
0.536437,26,317.060023
0.575017,21,317.200871
-9.425419,20,317.336383
0.459959,20,317.470855
0.463805,22,317.621374
-12.036669,50,317.926281
0.648362,23,318.078764
-6.896776,27,318.252035
-0.6439,26,318.421426
0.68167,21,318.561993
-11.888295,50,318.86412
0.034672,31,319.062057
-12.075684,50,319.364486
0.629665,24,319.521959
0.339823,20,319.656106
-11.267952,50,319.958964
-11.202301,50,320.324425
-11.510593,50,320.668775
-10.658775,50,320.977603
-11.455406,50,321.281611
-3.617251,21,321.42227
0.375355,20,321.558517
0.603019,27,321.732431
0.467427,19,321.861114
-3.436567,21,322.002152
0.418242,19,322.131308
-12.505417,30,322.321942
-4.807963,30,322.512557
-5.93259,50,322.815619
-13.176991,50,323.118785
-11.9603,50,323.421316
0.208669,26,323.589547
0.335366,31,323.786547
-0.235403,26,323.955397
0.537121,23,324.107341
-12.378483,50,324.410183
-2.977741,26,324.580606
-4.386292,21,324.728496
0.362232,26,324.90561
-14.11539,50,325.23004
0.529763,20,325.369601
-0.03044,23,325.863885
-21.40417,26,326.036983
-1.510853,20,326.176375
0.654633,23,326.333807
-16.473175,50,326.637161
-12.302301,50,326.940865
-16.406892,50,327.24497
-0.551086,19,327.374511
0.543188,24,327.532647
0.409353,27,327.706412
0.531099,25,327.869539
-10.654933,50,328.175195
-3.525664,20,328.312353
0.474942,27,328.486469
0.17119,23,328.638658
-15.195622,50,328.94298
0.255538,23,329.095234
-11.504706,50,329.399512
0.316316,29,329.58387
-7.378786,19,329.713108
-10.348151,50,330.016694
0.223233,25,330.179068
-11.804117,50,330.501801
0.567724,29,330.698728
-26.52544,22,330.845699
-15.882508,50,331.309848
0.731707,19,331.442294
-22.487158,27,331.616583
0.448357,26,331.785653
-4.750895,24,331.943424
-11.834225,50,332.246383
-12.623828,50,332.551387
-11.007944,50,332.857923
-0.658856,27,333.033064
0.580204,19,333.162916
0.513167,21,333.303174
-1.493396,23,333.455548
-26.731312,26,333.633636
0.14204,26,333.803685
-10.949267,50,334.171539
-11.146082,50,334.473115
-31.824269,50,334.783688
-13.55529,27,334.962109
-10.257883,50,335.270009
-16.025056,50,335.585411
-16.128456,32,335.804169
-12.310004,50,336.121073
-3.646046,23,336.279757
-0.43682,22,336.427677
-11.329042,50,336.732008
0.705156,23,336.88784
0.680123,23,337.048183
-5.996501,50,337.354911
0.636938,20,337.489749
-14.450891,24,337.647786
0.302025,31,337.844902
-8.479016,27,338.019287
-12.029442,50,338.322322
-6.55086,30,338.51439
-7.504696,26,338.682457
-25.368274,26,338.851357
-11.695747,50,339.489974
-12.578644,50,339.796394
-14.493154,28,339.97685
-15.492284,22,340.122868
0.235349,22,340.268502
-10.379277,50,340.580518
-27.585864,23,340.752878
-12.052574,50,341.058037
0.5984,20,341.195817
0.392797,25,341.359673
-10.591901,50,341.661514
-10.836472,50,341.963282
-16.498892,30,342.154608
-16.426481,19,342.283687
-8.696406,22,342.431539
0.30438,31,342.628153
0.530221,29,342.81556
-6.034152,29,343.000951
-11.319431,50,343.303951
0.629546,19,343.434921
0.671004,22,343.581712
0.040506,21,343.722616
0.465977,23,343.873561
0.352603,28,344.054862
-10.46156,50,344.358692
-6.49922,30,344.549382
0.57405,28,344.730229
0.558874,26,344.898333
-32.239858,19,345.027398
0.227208,21,345.18112
0.558909,22,345.330187
-4.483895,22,345.478297
-11.055293,50,345.783285
-17.284022,21,345.925676
-18.220008,19,346.056927
-0.533978,24,346.220899
0.144021,23,346.379954
0.297443,23,346.542303
-10.985434,50,346.858804
0.495431,30,347.055746
-10.455894,50,347.359746
0.455474,29,347.546256
0.398859,24,347.895205
0.42244,23,348.047766
0.462061,22,348.195405
0.377687,24,348.352632
0.607479,23,348.505413
0.372811,21,348.646179
0.338372,23,348.798663
0.48871,25,348.962193
0.654218,21,349.101893
-16.80266,50,349.411302
-19.386878,50,349.717424
0.441266,28,349.896924
-1.562761,24,350.055971
0.366444,24,350.212555
-6.481539,26,350.381831
0.062066,32,350.583406
-9.716643,24,350.756949
-6.511672,24,350.934735
0.281487,31,351.159995
-12.678645,50,351.474775
-2.827994,25,351.63882
-0.269106,33,351.915983
-12.035599,50,352.219776
-30.657477,50,352.522929
0.697733,25,352.686727
-10.527561,22,353.163288
-10.436783,27,353.349822
-8.717239,22,353.496871
-11.372799,50,353.800916
-8.553025,30,353.992228
-11.968752,50,354.295989
-2.406459,20,354.43249
-24.506706,50,354.734428
-12.699781,27,354.910712
-2.595986,22,355.05596
-10.695595,50,355.361034
-10.177852,50,355.665973
-0.123054,23,355.818447
0.558785,21,355.959139
0.467137,20,356.095512
0.015667,27,356.269051
0.160612,22,356.417182
-13.963988,50,356.719066
0.513565,26,356.891392
0.264846,20,357.044874
0.412534,27,357.230653
-6.54661,28,357.422142
0.449635,23,357.579563
-0.432881,24,357.743787
0.378769,23,357.898841
-10.35774,23,358.052074
-9.655866,31,358.249038
-10.130455,50,358.558353
0.498716,26,358.72717
0.460289,25,358.897477
-12.782917,50,359.200636
-10.538479,50,359.505207
-24.080574,50,359.809127
-38.401104,28,359.987776
0.582118,20,360.122324
-8.465428,28,360.303927
-1.682416,29,360.489049
0.230807,29,360.67508
-10.6717,50,360.980041
-20.622491,50,361.312314
0.673133,19,361.442634
0.545588,22,361.588861
-10.516597,50,361.891977
0.354263,28,362.072741
0.117647,29,362.257501
0.116056,24,362.415103
-38.34184,50,362.717143
-5.545926,21,362.857434
-22.67225,27,363.031273
-11.331797,50,363.333477
0.29372,23,363.485483
0.601035,19,363.621097
-11.84797,50,363.923891
-13.705548,30,364.116144
-4.669773,28,364.294692
-0.228417,9,364.506252
-0.476221,31,364.705815
0.135139,31,364.903906
-18.371963,22,365.050598
0.244554,24,365.208161
-13.207376,50,365.513085
0.363449,25,365.681201
0.568193,21,365.822572
-13.267255,50,366.125562
-4.743948,30,366.389542
-0.116407,28,366.937513
0.277901,28,367.126537
-6.686097,26,367.297534
-49.385325,19,367.427686
0.33781,21,367.573317
-10.486251,50,367.893145
-27.325941,26,368.073026
-9.6883,26,368.249222
-2.630713,20,368.387862
-6.87906,50,368.694452
-10.867121,26,368.863906
0.656596,28,369.049514
0.754704,19,369.184208
-30.702634,30,369.380164
-18.236577,19,369.509577
-1.907474,24,369.667936
0.542833,20,369.803249
-11.39878,50,370.106583
0.560287,29,370.293924
-10.976834,50,370.597478
-15.318679,50,370.902718
-11.57953,50,371.224201
-11.683249,20,371.368333
-1.634858,22,371.515388
-2.514957,24,371.761471
-10.724706,50,372.06334
-6.438454,20,372.198755
0.504501,23,372.350195
-10.831326,50,372.654143
0.367431,28,372.834705
0.271883,21,372.975213
0.48426,21,373.116647
-11.593891,50,373.430811
0.571956,19,373.560494
-4.899505,25,373.724858
-12.626115,50,374.02621
-0.5414,29,374.212527
-0.057887,30,374.404784
-11.250728,50,374.707081
0.358205,23,374.859984
-13.003724,50,375.161026
-11.559398,50,375.46519
0.490197,23,375.616894
-14.586648,50,375.920592
0.089614,25,376.0836
-15.493205,25,376.247442
-0.021605,27,376.423496
-12.971117,50,376.724974
0.542889,23,376.878182
-10.399229,22,377.023973
-12.106067,50,377.327905
-0.641787,28,377.509445
-10.503036,50,377.813151
-17.402075,23,377.964637
-11.505285,50,378.270297
-3.702905,26,378.447342
-5.321304,25,378.62112
-12.289937,50,378.944075
-3.514833,30,379.142581
0.579711,23,379.299559
-10.437113,50,379.604675
0.231599,24,379.762399
-13.569881,50,380.408008
0.534276,30,380.607755
-2.32336,25,380.772105
0.488053,23,380.925789
0.549097,24,381.089481
0.470784,30,381.307928
-2.219231,16,381.592672
0.232975,28,381.78009
-16.375789,21,381.931661
0.625223,20,382.070316
-16.869321,50,382.374627
0.658406,22,382.521887
0.357382,29,382.713967
0.684774,19,382.848345
0.369937,19,382.979429
0.549788,31,383.177293
-6.506837,22,383.323898
-10.890404,50,383.628507
-24.001157,50,383.93132
0.193651,31,384.128901
0.472379,25,384.295626
0.16343,30,384.486989
-12.506429,21,384.628029
0.297835,29,384.813153
0.231588,25,384.978001
0.22529,26,385.146887
-19.599923,23,385.299595
-26.498932,25,385.463016
0.344292,29,385.649857
-0.138859,24,385.809779
-36.315841,19,385.939341
-26.595561,30,386.130824
0.318704,28,386.311542
-4.746808,25,386.475375
-15.303772,21,386.615784
0.344322,25,386.779817
0.510326,25,386.942595
-11.77009,28,387.122771
0.567614,27,387.297477
-11.650747,50,387.602663
-2.514451,22,387.748985
0.472438,19,387.878331
-8.361222,25,388.044666
-13.685618,50,388.348611
-2.418122,24,388.506066
-6.280479,50,388.808701
0.477024,25,388.974446
-12.313601,22,389.126499
0.032724,31,389.342159
-10.483395,50,389.668771
0.398841,21,389.816385
-24.313412,20,389.954759
0.510936,20,390.091832
-3.062585,24,390.250618
0.209863,25,390.414692
-13.717629,50,390.727777
0.610243,19,390.860367
-9.336707,21,391.001209
0.433107,19,391.131069
0.713766,19,391.260468
0.281428,20,391.48431
-24.694254,27,391.678129
0.657295,22,391.824565
-39.514607,28,392.051583
-12.348111,50,392.35524
-13.536647,25,392.518276
0.569923,21,392.65955
0.508059,20,392.794461
-29.420776,21,392.935106
0.621485,27,393.110334
-0.089322,27,393.283825
0.20278,30,393.475514
-0.024456,31,393.683119
0.475273,24,393.841895
-9.653589,22,393.98777
0.175349,26,394.493171
-3.740646,21,394.641941
0.744222,22,394.790437
-7.465599,22,394.942
-11.96762,50,395.281683
-34.28979,19,395.412051
0.231514,31,395.609436
0.615003,23,395.763988
-11.524655,50,396.067421
-11.461245,24,396.225508
0.371874,20,396.360466
-24.632813,50,396.665407
-0.66793,25,396.828994
-13.796125,50,397.145017
-0.445306,23,397.30145
0.617521,26,397.47103
0.215132,28,397.652564
-37.504157,31,397.848638
-1.461118,27,398.030965
0.495104,27,398.207683
-35.895067,50,398.651492
0.426998,30,398.842617
0.34612,22,398.991781
0.512997,20,399.127457
-33.356403,24,399.284118
-10.813416,50,399.586502
-39.320899,23,399.739842
-10.461782,50,400.065211
0.637255,23,400.228246
0.492116,24,400.39374
0.610706,19,400.52768
0.498135,20,400.667348
-15.466511,26,400.839281
0.491368,24,400.997497
0.574916,19,401.127452
-16.510075,50,401.43711
0.671132,19,401.57015
-10.882686,50,401.902335
0.750174,18,402.026891
-7.516396,25,402.190566
0.604736,25,402.357299
-13.360006,20,402.49259
-5.46962,24,402.654694
0.473863,21,402.796507
-11.514053,50,403.123478
0.260135,30,403.322377
0.298622,27,403.497284
0.37416,28,403.676013
-14.766611,29,403.862652
-24.121652,50,404.165802
0.549133,22,404.312269
-5.604859,27,404.486184
0.287024,26,404.654322
0.50164,19,404.784286
-27.54705,24,404.942631
-0.184288,26,405.128641
-7.817048,22,405.279895
0.571613,21,405.422361
-11.339979,50,405.731123
0.427014,29,405.917434
-2.501344,31,406.117609
0.317203,19,406.24709
-10.521364,50,406.551333
0.2256,28,406.734245
0.659826,21,406.875582
-11.843571,50,407.178459
0.423304,20,407.313726
0.361388,24,407.470398
0.593575,25,407.633677
-27.3576,22,407.782044
-3.508638,21,408.270639
-58.388972,25,408.44527
-15.437303,19,408.576613
-11.62019,50,408.982769
-7.764358,20,409.135134
-10.740227,50,409.439415
-11.904246,50,409.744231
-12.072018,50,410.048068
-12.046541,50,410.350563
0.493201,28,410.532104
0.655721,20,410.673595
-11.393086,50,411.002101
-0.42361,28,411.192192
0.684582,24,411.353643
0.741977,21,411.498184
-10.753506,50,411.81176
0.211315,31,412.039677
-17.599529,50,412.383047
0.526486,29,412.575027
-10.397586,50,412.877829
-27.742707,50,413.179912
0.139994,21,413.321559
0.058724,20,413.457097
-11.676033,50,413.758746
0.158566,21,413.902256
-22.668797,29,414.086772
-10.695676,23,414.23973
-14.53711,26,414.407606
0.204127,22,414.553183
-0.085596,27,414.728044
0.552658,28,414.907627
-16.767723,50,415.342679
-23.465948,30,415.535711
-18.635561,50,415.842878
0.597305,20,415.979513
0.47697,21,416.119946
0.615114,23,416.273285
-29.256965,50,416.578565
-10.405252,50,416.886931
0.342592,28,417.067973
-11.230639,50,417.370566
0.058777,29,417.557403
-10.736126,50,417.862626
0.497317,25,418.025488
0.681906,22,418.172743
0.234861,24,418.330102
-19.529724,50,418.634173
-10.949583,50,418.936917
0.527193,29,419.123943
-8.42418,20,419.259273
-2.748355,28,419.439571
0.602238,24,419.597351
0.149363,23,419.749996
0.602772,21,419.891793
0.635472,20,420.027529
0.019497,23,420.179197
-11.875154,50,420.48341
-8.385603,21,420.624164
0.086168,29,420.811668
0.400872,30,421.003926
-16.664554,50,421.309505
0.387366,23,421.473894
-4.785668,26,422.016422
-12.325852,50,422.357415
0.588325,28,422.537252
0.613002,20,422.673569
0.138575,31,422.87687
0.256438,22,423.026769
0.192789,26,423.196329
0.330498,30,423.388959
0.472653,20,423.524184
0.460833,24,423.683067
-0.54081,19,423.820122
-13.047925,50,424.126113
-4.892495,28,424.306049
0.719862,20,424.44174
-15.371008,24,424.600275
-11.486936,50,424.903681
0.698769,19,425.033769
-14.021904,50,425.336744
-11.58929,50,425.641581
-17.450645,50,425.948166
-12.0208,50,426.249737
0.637002,24,426.407181
0.549077,21,426.547271
-0.261677,25,426.710903
0.033883,28,426.889975
0.302223,26,427.060086
-12.883891,50,427.362205
-19.676408,28,427.541874
0.389487,31,427.739768
-10.46555,50,428.042262
0.632257,23,428.196024
-37.50364,29,428.381312
0.560065,25,428.545631
0.357421,24,428.703099
-10.959078,50,429.006607
-10.415775,50,429.392916
0.588725,19,429.523752
0.600894,23,429.676113
-12.519326,50,429.980762
-11.340929,50,430.288087
-12.045915,50,430.594353
-11.14264,50,430.900299
-10.55476,50,431.204582
0.102772,30,431.396528
0.449519,21,431.537008
-3.516204,21,431.844854
-11.394447,50,432.180511
-11.060046,50,432.519312
0.536413,29,432.714136
-7.435122,27,432.892966
-10.383597,50,433.205465
-5.453569,26,433.377418
0.188847,23,433.529202
0.366283,21,433.677941
0.132222,26,433.849177
0.541424,22,433.995786
-4.415875,22,434.143192
0.492992,21,434.284544
-13.39237,22,434.430796
-3.443069,19,434.560258
0.093606,26,434.72893
0.333184,21,434.869591
-24.538316,24,435.026046
-0.026511,30,435.218029
0.067678,29,435.732035
0.427381,31,435.938138
-8.402732,27,436.114283
0.490962,26,436.282177
-14.169907,50,436.586613
0.255274,29,436.772395
0.279871,29,436.957551
-10.410355,50,437.258811
0.447346,22,437.405318
-16.439409,31,437.600983
-20.307028,21,437.740423
0.475364,19,437.870457
-19.413407,25,438.034292
0.427145,22,438.18193
-22.362334,26,438.352127
0.222572,23,438.503649
-11.182143,50,438.805737
0.204999,27,438.98021
-10.867573,50,439.281327
0.306991,23,439.433521
-5.159489,50,439.735098
-10.361949,50,440.03762
-16.26805,19,440.167445
0.259081,31,440.362883
-10.803761,50,440.664267
0.576035,20,440.800689
-4.876158,25,440.963111
-12.402052,50,441.265376
-15.446684,27,441.43901
0.52526,28,441.619011
-20.317316,21,441.758517
-12.534822,50,442.096268
0.123365,27,442.341473
0.23649,27,442.557276
-9.455726,23,442.724768
-15.381405,21,442.88444
-14.291194,50,443.209066
0.313832,21,443.35635
-9.614436,22,443.507996
0.589208,22,443.658635
-6.512619,26,443.830064
0.574342,26,444.001376
-0.192479,31,444.199142
-0.686792,23,444.360143
-10.846065,50,444.66918
-3.529633,19,444.799236
0.307557,31,444.995661
0.487325,26,445.164367
0.586969,28,445.361496
-1.856385,23,445.513769
0.67528,20,445.649513
-28.356646,29,445.837986
-11.250433,50,446.152584
-2.372536,27,446.335112
-11.42264,50,447.108846
0.295129,23,447.295065
-10.451269,50,447.689737
-5.453438,27,447.864588
0.167723,31,448.063355
-10.44075,25,448.236658
-12.011969,50,448.544507
-18.737022,50,448.848643
-2.525401,20,448.984839
0.600037,12,449.235933
-4.472918,21,449.378151
-1.705601,24,449.536451
-11.795903,50,450.172316
0.531354,27,450.356883
0.673642,29,450.548525
-16.556707,29,450.734046
-4.73343,22,450.883492
-11.091456,50,451.185383
-2.536879,22,451.333422
0.727083,20,451.469181
0.382775,21,451.609405
0.30761,22,451.755101
0.681615,19,451.884875
-12.158588,50,452.209394
0.393426,25,452.385456
0.378516,22,452.531958
-6.30923,20,452.667398
-25.424675,24,452.825565
0.522111,20,452.960325
0.670687,25,453.123362
-15.331444,20,453.259007
0.5518,20,453.393822
0.664239,22,453.542364
0.184648,24,453.711937
-12.640336,50,454.044564
-10.95383,50,454.371722
-5.5736,23,454.531786
0.672638,20,454.67093
-4.399972,30,454.865675
0.524597,26,455.040561
-10.544711,25,455.208428
-10.77906,50,455.524068
0.269628,29,455.710253
0.664698,21,455.852841
0.529151,25,456.016563
-10.529286,50,456.318457
0.116378,27,456.495144
0.297474,20,456.630259
0.053182,25,456.792951
0.763525,20,456.927122
-11.358706,20,457.061594
0.316687,24,457.220528
-12.374773,50,457.525086
-8.730353,29,457.710783
0.659009,20,457.845668
-15.261892,19,457.974711
-6.133608,50,458.277442
0.714147,19,458.406382
0.407015,21,458.546763
-15.967807,28,458.726396
0.198622,31,458.92263
-10.612493,24,459.079486
-9.393944,23,459.232432
0.489482,19,459.362186
0.057021,29,459.548388
0.327594,25,459.711188
0.639589,20,459.846932
-10.887184,50,460.148373
-34.55975,25,460.313206
0.431092,28,460.492552
0.588292,22,460.63996
0.371337,27,460.815395
0.658627,22,460.962281
0.645535,22,461.108188
0.489169,25,461.270243
-12.06505,50,461.573021
-12.304384,19,461.702457
0.298599,31,461.899333
-13.170203,50,462.201393
0.621653,20,462.351925
0.192166,28,462.544652
-8.404793,21,462.685179
0.436469,23,462.836656
0.124785,28,463.016681
0.746088,19,463.145561
-4.488807,20,463.28023
0.363767,19,463.409142
-11.13025,50,464.081088
-5.337437,21,464.23434
-11.329551,50,464.55593
-2.793967,29,464.742308
0.506809,23,464.896981
-18.239546,50,465.331159
-19.346059,20,465.468641
-4.414576,20,465.6062
0.581405,31,465.805162
-23.355587,24,465.963297
-12.561574,50,466.276361
-15.528566,50,466.784641
-21.577486,25,466.951641
-13.079201,50,467.260784
0.558547,25,467.450016
-11.046095,50,467.757091
-10.721622,50,468.065872
-27.9711,50,468.36999
-26.373434,27,468.545419
-7.749145,27,468.72085
-17.439843,23,468.872358
0.564168,31,469.069562
0.642233,23,469.227794
0.383531,24,469.390061
-6.47025,20,469.524884
-16.310292,21,469.666307
0.592832,26,469.836087
0.463458,22,469.982914
-2.641281,22,470.129215
0.510077,26,470.30475
-3.015479,29,470.493707
-12.459941,24,470.651842
0.343149,30,470.845954
0.632365,22,470.992735
0.548982,24,471.151048
0.3038,27,471.324931
-13.356471,27,471.516099
0.318169,23,471.668864
0.044242,25,471.833422
-11.893754,50,472.183365
0.342103,30,472.394529
0.553764,24,472.699754
0.589305,22,472.854904
0.4146,31,473.052342
0.259714,24,473.211418
0.400523,23,473.363384
0.409502,23,473.516104
0.080358,26,473.684591
-0.65951,25,473.848271
-39.474925,23,474.001184
0.218759,32,474.203207
0.658279,23,474.356823
0.661494,23,474.522304
0.337831,31,474.730622
-15.41291,23,474.896548
-11.956267,50,475.215426
-6.419045,23,475.374321
0.383948,22,475.522032
0.343811,26,475.692668
0.535038,29,475.881026
0.476633,29,476.080693
0.446956,21,476.222776
-29.38806,22,476.368832
-10.98263,50,476.673322
-0.730689,25,476.836553
-13.842757,50,477.139585
-3.684098,27,477.313737
0.615238,21,477.458919
0.650753,19,477.591055
0.542833,25,478.085921
-3.63646,29,478.28389
-11.15147,50,478.589988
-0.135112,26,478.758998
-10.849774,50,479.063706
0.401706,30,479.256594
-12.342957,21,479.396788
-11.192886,50,479.699841
-11.542371,50,480.003108
-15.504098,25,480.168232
-0.071254,30,480.360586
-21.667589,50,480.663861
-15.348872,20,480.800242
-32.363545,19,480.931002
-19.378699,24,481.090188
-11.803823,50,481.394023
-11.03243,50,481.696001
-11.440403,50,482.000781
-11.727096,50,482.30457
-1.799353,27,482.494851
0.501455,25,482.670963
-24.416912,23,482.823831
0.417761,25,482.989713
0.393613,31,483.186272
0.680315,13,483.429435
0.138782,23,483.583993
-0.52567,22,483.730479
0.15624,30,483.931336
0.729013,19,484.063521
-11.798453,50,484.370692
-65.777907,50,484.681428
0.510255,20,484.817578
-12.605394,50,485.12441
-10.829977,50,485.445417
-11.287389,50,485.767148
-12.021835,50,486.08827
-10.53285,31,486.290012
-0.549782,29,486.476976
-13.523961,50,486.798264
0.546535,20,486.939407
-11.269121,20,487.074387
-0.529631,30,487.268228
0.317226,30,487.468035
0.595822,22,487.620042
0.574737,23,487.78144
-4.394677,25,487.949588
-16.445745,50,488.251749
0.692085,20,488.387505
0.66192,19,488.517225
-11.625879,50,488.83601
-11.384516,50,489.168606
-12.97934,50,489.483048
0.2133,25,489.651014
0.522912,22,489.797859
-49.792749,50,490.102052
0.444676,21,490.254608
-12.389383,50,490.572409
0.550328,23,490.733095
0.513367,28,490.924656
-7.599707,21,491.072279
0.6679,21,491.214814
-6.425149,21,491.357841
-12.047665,50,492.183499
0.419865,24,492.35016
0.522793,21,492.499314
0.527749,19,492.680459
-12.538713,24,492.87111
-24.402962,24,493.042845
-11.909615,50,493.391773
-4.412298,20,493.530222
-12.478993,50,493.83313
0.660855,21,493.981251
-12.694104,50,494.285095
0.715098,20,494.42969
-6.654345,25,494.595338
-7.361341,20,494.73492
0.560436,24,494.902757
0.479968,24,495.065576
0.574119,21,495.209419
-18.587142,26,495.382477
0.499671,26,495.554028
0.061432,28,495.738604
-11.252541,50,496.064723
0.304424,27,496.254446
-10.429586,50,496.585854
-9.627312,27,496.775966
-19.582768,50,497.107396
0.023069,27,497.299608
-13.390239,50,497.63814
-6.498572,28,497.82508
-13.113085,50,498.149578
-12.657871,50,498.470528
0.12381,26,498.640853
-11.962633,50,498.955681
-11.691306,50,499.266854
-10.427164,20,499.440264
0.483156,23,499.593802
0.123477,30,499.791259
0.495356,24,499.9515
0.411259,29,500.138988
-16.480159,22,500.289062
0.092789,25,500.454019
-11.487297,50,501.084801
-24.317223,25,501.253812
-54.535048,24,501.416019
-10.913322,50,501.723668
0.61848,22,501.87357
0.498618,23,502.034148
-6.558858,29,502.228856
-13.150192,50,502.536874
0.693343,25,502.703676
-0.973897,25,502.923261
-11.921572,50,503.27791
-17.373098,26,503.466193
-0.023835,23,503.625258
0.183838,25,503.792472
-17.256831,20,503.929534
-9.376989,21,504.07881
-0.658003,23,504.240795
0.577475,21,504.385668
0.364104,22,504.53549
0.553875,19,504.66763
0.475095,26,504.840366
-11.593391,50,505.152422
-12.482718,23,505.30586
-11.198835,50,505.614337
0.241536,29,505.805373
