#{"t_start": 1746507861.963455, "env_id": "MergeEnv-v0"}
r,l,t
-11.961687,50,0.64754
-9.77465,50,0.973685
-11.800061,50,1.719379
-8.540997,50,2.344096
-11.781648,50,2.961871
-13.153573,50,3.688098
-12.320525,50,4.322387
-14.710346,50,5.119767
-7.035975,50,5.782488
-11.341743,50,6.50598
-14.832639,50,7.156499
-11.668184,50,7.82931
0.130661,22,8.129323
-17.659183,50,8.785457
-9.972423,50,9.42707
-15.546785,50,10.101623
-11.478046,50,10.777894
-12.132091,50,11.420414
0.268068,24,11.75293
-14.307431,50,12.398422
-12.468388,50,13.041648
-10.368891,50,13.687139
-11.270786,50,14.337148
-6.974627,50,14.9821
-15.268471,50,15.627149
-6.837455,50,16.280772
-7.269264,50,16.976503
-12.293742,50,17.625252
-10.40038,50,18.287958
-13.729245,23,18.600992
-11.352815,50,19.254697
-8.175931,50,19.940053
-13.491071,50,20.646058
-10.333459,50,21.299349
-11.9708,50,21.965129
-12.284455,19,22.327589
-12.521805,50,22.980818
-9.274188,50,23.632502
-18.541441,50,24.288413
-19.143657,50,24.943904
-11.926136,50,25.595879
-11.43487,50,26.312497
-11.205704,50,27.049443
-13.493502,50,27.705941
-11.750499,50,28.362998
-10.045353,50,29.022478
-14.817391,50,29.679137
-7.558839,50,30.385127
-11.058069,50,31.064791
-12.022954,50,31.728119
-11.00079,50,32.386076
-14.140689,50,33.044988
-24.621964,50,34.063985
-10.723527,50,34.724539
-11.014759,50,35.387158
-12.291489,50,36.043957
-13.460666,50,36.750389
-9.584753,50,37.408729
-15.778447,50,38.078625
-11.69172,50,38.739985
-11.270284,50,39.40432
-16.149741,50,40.096026
-10.854685,50,40.805412
-10.409718,50,41.466966
-11.556622,50,42.224354
-6.089363,50,42.887153
0.338551,21,43.181733
-7.760788,50,43.922256
-8.893402,50,44.62115
-15.008904,50,45.281734
-9.610214,50,45.944133
-16.615913,50,46.61511
-9.608172,21,46.96157
-10.032537,50,47.626846
-4.678812,22,47.939323
-5.519483,50,48.605422
-11.610752,50,49.275038
-11.637922,50,49.96403
-12.059679,50,50.682858
-12.866555,50,51.357288
-11.049966,50,52.028471
-10.654637,50,52.708968
-10.948876,50,53.378705
-14.04509,50,54.05263
-8.015491,30,54.469293
-16.11028,50,55.145923
-13.110086,50,55.825229
-15.000149,50,56.504257
-11.590293,50,57.277152
-8.058662,50,57.988635
-5.639767,50,58.67942
-8.129366,50,59.371635
-10.574299,50,60.06074
-11.910309,50,60.752522
-10.999661,50,61.490875
-13.98807,50,62.189518
-15.283499,50,62.99393
-7.982154,50,63.689945
-7.75522,50,64.404249
-12.460635,50,65.299142
-11.611735,50,66.12224
-13.157147,50,66.926998
-11.839472,50,67.880548
-13.478165,50,68.679606
-9.185295,50,69.88882
-14.688992,50,70.655644
-7.619061,50,71.498882
-6.289432,50,72.287526
-10.814332,50,73.026475
-12.087155,50,73.728961
-7.76699,50,74.425935
-12.609482,50,75.115606
-10.967696,50,75.885852
-4.74595,50,76.575361
-11.796382,50,77.322666
0.657736,19,77.638485
-6.549779,28,78.048713
-9.512992,50,78.781838
-7.350943,50,79.476571
-13.431256,50,80.170601
-14.304501,50,80.860955
-12.000758,50,81.553601
-10.680699,50,82.271427
-1.646598,20,82.59069
-11.262898,50,83.299372
-12.055124,50,84.006898
-17.205512,50,84.703103
-9.431029,50,85.403535
-13.156291,50,86.111862
-13.473674,50,86.820783
-9.100617,50,87.643676
0.339824,27,88.067312
-7.904321,50,88.793184
-11.519443,50,89.519825
-7.002694,50,90.243491
-10.438839,50,90.971353
-10.33793,50,91.809093
0.256882,20,92.121895
-10.585966,50,92.8835
-12.339136,50,93.68104
0.174152,23,94.044537
-5.889161,25,94.442161
-11.41162,50,95.186014
-8.091402,50,95.932668
-12.145666,50,96.690931
0.496345,19,97.001476
-6.836182,50,97.810957
-7.41124,50,98.619842
-6.623864,50,99.449392
-16.807884,50,100.263334
-14.912834,50,101.049491
-0.468806,20,101.390746
-0.048981,26,101.82072
-10.087379,50,102.619063
-11.382367,50,103.430143
0.227749,29,103.934841
-7.379901,50,104.772343
-13.17331,50,105.595406
-12.140847,50,106.427166
-13.124016,50,107.257733
-10.026474,50,108.539376
-12.992414,31,109.084439
0.26103,20,109.472448
-13.197689,50,110.458771
-2.642077,27,110.947538
-12.178346,50,111.83737
-13.357476,50,112.719838
-13.127739,50,113.616346
-13.679533,50,114.573879
-10.604953,50,115.547519
-13.169135,50,116.462128
-7.307818,50,117.457708
-12.546066,50,118.548046
-17.456183,50,119.576528
0.661243,20,120.020773
-7.764482,50,120.98272
-11.599207,50,121.955995
-10.938946,50,122.932598
-12.616433,50,123.911362
-12.550947,50,124.897289
-10.137688,50,125.94782
-12.866478,50,126.97126
-12.15744,50,128.043234
-0.941218,21,128.611894
-15.118777,50,129.687465
-1.801557,26,130.284376
-11.026473,50,131.355276
-15.203737,50,132.420845
-6.298543,50,133.450728
-0.059247,27,134.032943
-11.268552,50,135.07926
-17.138488,50,136.196896
-11.520904,50,137.28425
-16.732066,50,138.428592
-7.56338,50,139.506552
-12.123104,50,140.599191
-11.052654,50,141.697979
0.472239,20,142.173177
-12.115148,50,143.274205
0.51663,21,143.760534
-9.926679,50,144.896207
-11.517365,50,145.989429
-12.259496,50,147.1888
-10.893128,50,148.420883
-4.968513,50,149.668189
-11.143854,50,150.894331
-10.997193,50,152.00023
-10.989551,50,153.106452
-12.101422,50,154.209297
-11.410031,50,155.299376
-11.247936,50,156.40431
-13.974751,50,157.60726
-11.859453,50,158.782107
-12.07975,50,159.886601
0.255457,21,160.374189
-3.969302,50,162.034602
-17.458542,50,163.085315
-15.190655,50,164.122162
-8.112246,50,165.147441
-7.475439,50,166.166198
-6.125211,50,167.266419
-13.128873,50,168.388637
-13.225774,50,169.472346
-14.294248,50,170.489034
-19.51955,50,171.496525
-10.429574,50,172.501512
0.104014,27,173.059811
0.066535,21,173.506669
-8.404178,50,174.520817
-11.285558,50,175.506128
-10.934722,50,176.491232
-10.431628,50,177.484616
-15.033553,50,178.697138
-0.934417,29,179.362772
-11.362753,50,180.394662
-11.741095,50,181.558547
-8.689605,50,182.600788
-8.781949,50,183.608049
-10.975292,50,184.589751
-8.774387,50,185.591312
-0.049173,31,186.204678
-0.117962,23,186.659701
-9.681769,50,187.627323
-9.539644,50,188.860795
-7.416614,50,189.875252
-8.442675,50,190.823599
-11.63476,50,191.744302
-7.397377,50,192.668524
-8.080268,50,193.590854
-6.932295,50,194.567477
-7.420956,50,195.510645
-7.680568,50,196.426397
-6.812318,50,197.33417
-6.089343,50,198.23521
-8.628872,50,199.315243
-10.595687,50,200.235298
-6.887868,50,201.134698
-6.878894,50,202.026751
-0.19372,23,202.467547
-4.867067,50,203.362178
0.192042,23,203.796364
-5.69003,50,204.748722
0.092541,25,205.214799
-7.057264,50,206.101169
-6.588746,26,206.579922
-1.081605,36,207.229628
-5.394273,50,208.106151
-8.828391,50,209.076128
-7.760557,50,210.121529
-7.74571,50,211.14295
-3.918668,50,212.41956
-7.069395,50,213.30115
-0.624001,24,213.748794
-0.640548,30,214.291269
-7.360542,50,215.161704
-10.458015,50,216.028132
-8.561565,50,216.898659
-10.070381,50,217.755498
-9.38907,50,218.616323
-10.402244,50,219.55549
-10.538086,50,220.435831
-3.336059,28,220.985672
-12.385325,50,221.856346
-10.804943,50,222.734033
-12.411311,50,223.598913
-4.934769,26,224.065785
-7.76114,50,224.929581
-12.508902,50,225.778108
-0.836383,26,226.236165
-7.122175,50,227.092906
-9.744796,50,227.949519
-9.426243,50,228.875363
-7.882631,50,229.786905
-0.996533,25,230.233545
-6.279307,50,231.093073
-9.02988,50,231.996035
-9.422334,50,232.851782
-10.263528,50,233.699958
-10.721696,50,234.549523
-8.431243,50,235.393533
-9.178705,50,236.239937
-12.03717,50,237.085831
-8.959646,50,237.922522
-8.504267,50,238.761713
-13.077406,50,239.745098
-11.075743,50,240.611488
-13.164346,50,241.457841
-11.402505,50,242.33905
-9.047334,50,243.204154
-8.923806,50,244.051951
-7.326831,50,244.899057
-8.743298,50,245.736076
-9.321172,50,246.570142
-8.934376,50,247.409084
-5.240708,50,248.246192
-9.94413,50,249.198023
-8.674127,50,250.075735
-10.16021,50,250.932297
-12.169305,50,251.772852
-5.650361,50,252.605632
-9.974548,50,253.513429
-0.565215,23,253.919605
-8.427718,50,254.777187
-7.331033,50,256.03018
-0.089401,21,256.390704
-0.747554,27,256.853689
-0.261663,29,257.370657
-0.498001,23,257.771558
-0.291176,26,258.310014
-10.330385,50,259.156161
-5.223882,50,260.069422
-5.068819,50,260.901935
-12.590615,29,261.404131
-0.286235,24,261.823203
-0.219779,22,262.209711
-8.618423,50,263.047942
-1.289019,31,263.586232
-0.409873,32,264.201212
-2.37086,24,264.635032
-0.087882,23,265.185963
-0.41044,32,265.746254
-1.63105,32,266.289946
-1.0884,34,266.864167
-5.685637,50,267.699419
-0.295368,31,268.228873
-1.846491,25,268.661748
-1.954378,21,269.029181
0.21956,26,269.593233
-0.309287,27,270.09604
-0.016964,22,270.481541
-5.028456,50,271.309403
0.014754,21,271.681837
0.090678,25,272.115295
0.456074,20,272.469332
0.416135,23,272.869825
-5.770195,50,273.697586
-2.128424,28,274.172964
0.0071,31,274.721365
-1.907985,24,275.167945
-18.182983,19,275.511637
-5.930603,26,275.958543
0.198451,27,276.42674
0.674269,25,276.857887
-3.185188,31,277.386667
0.187672,20,277.741337
0.162768,20,278.092776
0.274732,20,278.445537
0.242862,27,278.906629
0.065593,23,279.32497
0.564239,24,279.754668
-1.255303,28,280.277059
-24.972026,31,280.802954
0.346745,28,281.281586
0.497785,22,281.665172
0.441427,20,282.016523
0.450127,20,282.375093
0.166699,20,282.732966
-1.908832,22,283.113824
0.196012,22,283.502547
-18.014045,27,283.967932
0.078514,21,284.337228
-4.976638,22,284.720979
0.271951,31,285.2424
0.303707,23,285.672062
0.234462,25,286.130757
-8.9731,24,286.549886
0.331697,25,287.101493
-4.225708,31,287.631805
-0.849915,22,288.013969
0.506298,20,288.366717
0.227966,26,288.808695
-0.220475,29,289.30577
0.283107,25,289.739062
-11.120014,24,290.207743
0.727614,22,290.589774
-0.029105,31,291.117283
-9.141774,26,291.566525
-4.044069,31,292.119038
-0.125901,23,292.523508
0.44718,21,292.895209
-5.753706,27,293.362956
-4.094847,23,293.765659
0.371862,24,294.1803
-1.176879,24,294.602678
-2.832676,22,294.989022
0.445921,28,295.46862
-0.039003,27,295.934281
0.685501,19,296.287469
-0.051049,24,296.739389
-11.433806,30,297.266381
0.319917,31,297.792873
0.239175,25,298.227143
-0.211409,30,298.738948
0.103457,21,299.107828
-0.870706,21,299.565795
-7.327467,20,300.236697
0.139944,28,300.716346
-8.207357,29,301.212978
0.541898,21,301.588714
0.588186,20,301.945065
0.353631,23,302.345219
0.539722,25,302.774383
-4.746988,23,303.17189
-0.332927,28,303.652772
-1.455734,32,304.19827
-0.082299,32,304.744249
0.625465,25,305.17891
-17.507573,27,305.646105
0.273351,31,306.175868
0.029973,26,306.62439
0.336743,23,307.098499
-7.063484,31,307.675065
0.505205,20,308.040167
0.355725,31,308.593485
-0.008765,27,309.065881
0.209232,26,309.538757
0.625557,19,309.924278
0.241317,23,310.330105
-7.287394,30,310.844912
0.349625,24,311.26387
-14.412023,22,311.653696
0.71108,20,312.005757
0.031382,30,312.522841
0.077023,27,312.984856
0.034254,31,313.520268
0.372185,24,313.940016
0.147331,22,314.329946
0.087665,22,314.717094
0.654342,29,315.213606
-0.117662,25,315.645383
0.223374,28,316.128537
-4.11155,24,316.542426
0.694295,20,316.89212
0.123376,23,317.291591
-0.905395,28,317.769972
0.157869,27,318.304309
0.066816,21,318.688582
0.405416,25,319.125672
-2.599631,20,319.485099
0.060498,23,319.933622
0.085689,31,320.471422
-7.940101,25,320.906884
-14.668502,23,321.307721
0.522384,20,321.662459
-4.783198,27,322.194919
0.284285,28,322.754303
0.154824,20,323.112046
-3.94986,30,323.627056
-21.531942,21,323.997761
-4.937292,21,324.369104
0.170091,24,324.786701
-0.577011,31,325.318528
0.586983,25,325.777822
-6.149346,30,326.290889
-5.153926,29,326.908736
0.231046,25,327.341979
-3.130091,23,327.737881
0.044235,23,328.136506
-13.632918,22,328.523888
-0.103032,22,328.926183
0.69586,22,329.353349
-10.894411,27,329.833374
-0.005797,29,330.466597
0.716431,29,330.984683
0.604465,21,331.410518
-2.757235,21,331.808053
-0.130428,24,332.259316
-0.376377,33,332.882186
0.680283,21,333.26348
0.244332,29,333.767921
-4.723156,22,334.162961
-12.061796,30,334.690065
-12.755349,28,335.184547
-2.837813,26,335.634857
0.19717,20,335.989784
0.33818,22,336.38065
0.280533,31,336.920319
0.53791,21,337.294659
0.11359,31,337.830344
0.415834,29,338.334415
0.255625,29,338.832568
-4.968051,24,339.251141
0.377077,20,339.693596
0.13411,20,340.083847
-4.516687,26,340.640919
-1.23926,27,341.114351
-7.892371,26,341.591911
-11.65542,31,342.139447
0.237852,24,342.56606
0.599701,19,342.911419
0.220478,20,343.275966
-0.360992,23,343.685904
0.322738,24,344.108987
-1.838766,20,344.470604
-6.778082,31,345.007118
-7.5635,50,346.254795
-12.26543,27,346.726094
-14.326185,31,347.26871
-6.393617,30,347.798066
0.106546,30,348.32248
0.325014,30,348.847036
0.209993,25,349.2859
0.368978,27,349.758881
0.385894,30,350.305571
0.360536,25,350.81348
0.396886,25,351.290109
0.59445,25,351.733835
-11.186363,19,352.08073
-5.948424,24,352.518628
0.58886,27,352.990492
-5.257262,23,353.399598
-0.297237,32,353.949211
-1.005132,24,354.378915
-0.214497,29,354.885234
0.509739,21,355.259175
-0.121115,26,355.716614
0.585006,19,356.060294
0.740982,19,356.401389
-0.022929,23,356.81025
-4.198518,27,357.279256
-9.408589,30,357.800434
-9.959878,22,358.191541
0.080238,24,358.61491
-0.291209,27,359.084128
-23.063065,30,359.60256
0.320239,26,360.055042
0.086813,22,360.521915
0.795264,28,361.064577
0.041404,21,361.464082
-0.166989,25,361.940511
-2.826211,25,362.388446
-9.006527,25,362.832722
-0.261538,31,363.373879
-7.494103,24,363.795826
-10.532644,28,364.279934
-8.729619,23,364.694094
-5.378754,28,365.178745
-8.833506,30,365.790006
-17.85643,33,366.355841
0.286825,22,366.750414
-3.666636,32,367.29509
-0.401938,32,367.841727
-2.897787,24,368.26579
-0.246321,31,368.810161
-8.801809,50,369.655969
-14.254929,27,370.125491
-0.960865,21,370.549139
-0.653954,29,371.04782
-8.529675,27,371.516245
0.666967,19,371.855372
-8.300315,24,372.312467
-1.924484,20,372.707271
0.540219,25,373.166743
-10.528182,32,373.719962
-0.211248,22,374.112932
0.313017,30,374.62796
-1.265256,21,374.999897
-14.314486,50,375.839032
-6.251047,25,376.281096
-1.527398,29,376.781641
-0.022706,23,377.185759
-7.546321,31,377.716439
-6.148025,23,378.11846
0.462309,22,378.516122
0.031206,30,379.039225
-2.189218,24,379.458226
0.079752,29,379.960408
0.471365,21,380.331566
-3.574556,29,380.891249
-10.790381,31,381.422057
0.27781,21,381.869596
-0.012863,27,382.337798
-7.488288,29,382.841752
-0.062247,25,383.296827
-0.152649,22,383.717611
-2.850899,31,384.262349
-3.107127,24,384.689442
-6.502735,25,385.134537
-0.228064,28,385.617361
-0.009833,20,385.972294
-0.206573,23,386.423915
-1.258893,22,386.817464
-3.261806,24,387.237451
-0.595655,30,387.754839
0.214459,29,388.252372
-0.245105,26,388.704102
-2.922097,20,389.057413
-3.363197,29,389.557819
0.560745,25,390.313998
0.477784,22,390.762121
-4.849887,24,391.199294
-8.731377,30,391.787286
0.025499,29,392.389372
0.30928,22,392.803275
-4.002828,33,393.37077
-5.858173,33,393.95072
-2.976565,29,394.565519
0.47855,27,395.080249
0.825566,20,395.450306
0.706273,19,395.798901
-11.487911,30,396.316982
0.443241,23,396.744692
-0.019238,20,397.104977
0.287448,30,397.633456
-0.412973,31,398.171957
0.170634,24,398.600032
-0.183671,22,399.001045
-2.442004,31,399.562238
-5.402063,24,399.989538
-7.720506,31,400.558878
-0.549426,30,401.211593
-0.140412,24,401.672481
0.713016,21,402.045221
-3.460202,26,402.550311
0.364892,29,403.084845
-2.516148,26,403.549745
-0.226952,22,403.945423
-5.93565,32,404.529479
-0.335891,28,405.083658
-3.52215,29,405.628058
0.239792,20,405.993835
0.633815,26,406.460944
0.301096,26,406.916085
-6.181415,22,407.306586
-5.278549,27,407.78033
-9.411845,31,408.317439
-2.435685,29,408.817869
-7.174613,31,409.361383
-3.34533,26,409.823685
-0.160195,23,410.241088
0.26836,21,410.632236
0.827961,24,411.065715
-3.337402,26,411.598717
0.301198,20,411.967412
-6.066693,27,412.451528
-3.549219,32,413.022019
-0.121402,25,413.472962
-3.36573,27,413.964736
-0.249948,28,414.476972
-6.670708,25,414.932783
-0.229483,31,415.474499
-0.925745,21,415.871935
-0.646188,20,416.269873
0.066456,23,416.685471
0.782323,19,417.034046
-3.258229,26,417.500624
-1.159024,32,418.060603
-0.045673,21,418.456871
0.584157,30,418.993886
0.007872,21,419.38957
-13.519923,28,419.898899
-0.092492,26,420.375965
0.334427,20,420.754565
-2.499015,30,421.370408
-10.79179,32,422.117661
0.642637,21,422.498793
-3.233315,26,422.967131
-7.447734,28,423.468952
-5.601541,32,424.030374
0.173325,20,424.410706
-3.358473,31,425.026174
-2.225931,30,425.565673
-2.682558,20,425.934012
0.056844,25,426.38366
-1.072444,22,426.845741
0.092769,30,427.436903
0.673587,19,427.786138
-0.253675,32,428.350871
0.69493,21,428.751099
-0.41869,31,429.30141
0.643044,19,429.665039
0.812395,19,430.033068
-2.091635,25,430.535997
-7.408386,27,431.053412
-0.052924,21,431.519211
-0.19399,31,432.085349
-2.995457,20,432.466759
-4.293113,24,432.914391
0.676188,20,433.291639
-4.220054,23,433.717756
0.829442,22,434.118173
0.281571,21,434.510643
-5.551893,30,435.048839
0.591038,19,435.404643
-12.297427,28,435.910216
-0.147561,23,436.339456
-8.113222,23,437.003744
0.273735,22,437.40926
-1.969108,25,437.914154
-2.891238,20,438.337579
-0.038037,22,438.765557
-3.24573,26,439.257589
-6.020772,21,439.725607
-0.030558,28,440.247207
0.074248,30,440.789782
-1.157686,24,441.239485
-0.196756,27,441.767
-0.014535,27,442.259883
0.768372,21,442.651408
-5.985298,29,443.179146
-0.155896,29,443.700759
-16.346859,25,444.158688
-0.138309,31,444.721638
-4.83487,21,445.112272
-12.222207,26,445.589301
0.497251,30,446.13304
-8.25774,24,446.573738
-0.121776,25,447.034185
0.648781,19,447.38806
-1.746753,24,447.828393
-1.254363,27,448.330291
-1.421661,32,448.964689
-0.095435,28,449.483918
0.260875,20,449.866131
-0.004293,23,450.334005
0.055153,22,450.79055
-0.231534,27,451.36086
-7.975903,23,451.852406
0.480106,25,452.369524
-0.081976,29,452.899099
0.254288,27,453.394105
-0.039274,30,453.938055
0.110723,25,454.406871
-6.093493,28,454.914162
0.332044,24,455.354381
-13.389206,30,455.903443
0.204148,21,456.292141
-0.152695,31,456.852962
-0.054273,25,457.310536
-8.071489,32,457.884262
0.180084,27,458.373973
-1.347464,30,458.91593
0.808573,19,459.287741
-6.265994,31,459.896562
-4.918277,26,460.374705
0.78001,22,460.799878
-9.501509,32,461.519807
0.272144,20,461.899657
0.643817,21,462.361605
0.309233,23,462.790921
0.354711,30,463.334787
-5.070326,25,463.8037
-2.042474,21,464.193219
-9.507305,33,464.788381
0.216395,20,465.160641
-0.073723,24,465.598867
-8.852948,23,466.024348
0.137464,22,466.435043
0.582995,22,466.838464
-0.176069,30,467.569907
-4.98795,22,467.978999
-6.413187,31,468.539598
0.250571,30,469.07488
-9.132751,24,469.517919
-6.437429,32,470.101778
-6.798206,25,470.601707
-0.394785,32,471.184171
0.089225,30,471.784473
0.011423,28,472.288257
-8.204664,25,472.738692
-6.102486,27,473.231988
-0.007229,22,473.633729
0.050907,22,474.03837
-0.152779,29,474.556931
0.705279,23,474.971326
-1.005856,26,475.517845
-5.02723,24,475.986051
0.598597,25,476.450197
-10.450005,31,476.998039
-2.08042,23,477.413078
0.198449,25,477.861824
-0.06529,26,478.327015
-3.366551,27,478.804025
-3.938524,23,479.216017
-0.859673,21,479.601
0.140038,25,480.04923
0.231382,23,480.46455
-0.3155,30,481.007461
-0.582222,21,481.502465
0.277321,29,482.112628
-7.256139,32,482.678711
0.164385,21,483.150729
-2.758182,21,483.530934
-9.084259,25,483.978507
0.539092,14,484.486333
0.026828,24,484.902706
-3.334539,27,485.367352
-0.31711,27,485.858705
-0.019405,27,486.335136
0.099422,24,486.76277
-1.004575,23,487.171638
0.143703,25,487.609685
-1.059535,25,488.046867
-3.231679,29,488.559447
-1.812613,20,488.915175
0.79496,19,489.253793
0.127492,22,489.648799
0.249598,20,490.005411
0.523306,21,490.381016
-3.303753,30,490.907871
-12.790847,25,491.345964
-0.186923,28,491.914048
-6.346364,26,492.433174
-0.150612,30,492.961208
-5.089178,21,493.334504
0.293569,19,493.678748
-1.952533,20,494.034014
0.204237,29,494.535245
0.112749,31,495.059849
-4.019037,22,495.441705
-5.214618,31,495.973257
-4.914116,24,496.396233
0.613751,21,496.763041
0.619956,23,497.164242
-0.275084,32,497.704287
-8.098387,28,498.182882
0.142332,31,498.725714
-0.134977,24,499.136247
-5.93958,24,499.555056
-4.11543,24,499.971102
-0.167477,31,500.50106
-4.190069,31,501.105214
-8.172244,25,501.535504
-4.328214,28,502.026386
-5.14358,29,502.550903
0.720869,30,503.111554
0.227632,24,503.555744
0.14282,23,503.954425
-0.132985,30,504.47448
0.043891,25,504.905754
0.149035,26,505.349471
0.445896,21,505.715146
-0.340842,31,506.239648
-8.583026,20,506.593729
0.378569,20,506.94629
-2.223766,30,507.457166
-5.510922,31,507.983715
-0.021878,27,508.445878
-0.095024,28,508.918646
-0.241227,27,509.378022
-0.952984,20,509.73114
0.249833,28,510.209427
-0.094078,24,510.626452
0.09889,30,511.138881
0.363919,25,511.563348
0.628452,20,511.910238
-5.301233,30,512.520807
-0.225309,31,513.087522
0.109699,20,513.439189
-1.000482,23,513.849849
0.002913,29,514.430491
-10.289882,28,514.916224
0.002586,28,515.404568
-9.334537,29,515.901948
-6.009214,23,516.303686
-0.165815,29,516.794426
-3.905727,21,517.157901
0.014413,26,517.603248
0.44343,30,518.117688
0.042156,28,518.598631
-0.120737,24,519.014525
-12.199614,31,519.545319
-0.844349,20,519.894619
0.036693,26,520.340781
-11.431493,29,520.840634
0.482523,27,521.303544
-0.005179,28,521.779335
-1.931483,22,522.290268
0.606003,21,522.692837
-22.678624,33,523.243999
-6.087744,30,523.758232
0.643317,19,524.099882
-3.946622,27,524.611114
-0.052021,21,525.009749
-0.5689,19,525.352159
0.219872,25,525.791691
0.807101,21,526.17924
0.192091,24,526.602278
0.721539,26,527.057127
-2.429526,32,527.598881
-8.758462,21,527.965661
-2.563239,20,528.31631
-6.954068,19,528.88675
0.047459,32,529.430112
-1.951166,24,529.847141
0.008547,27,530.311837
-3.486077,22,530.695392
0.782728,21,531.062942
-3.183744,27,531.527156
0.482176,27,531.995365
0.109161,31,532.571645
-3.973773,28,533.050654
0.035594,30,533.561865
0.237707,23,533.958767
-1.976443,26,534.404904
-4.800826,27,534.867858
-0.842477,25,535.312757
0.197205,26,535.790391
-0.612275,22,536.183649
0.611085,23,536.58393
-0.296107,32,537.13038
0.230991,28,537.611733
-7.181661,31,538.144956
-7.178701,24,538.647813
-7.213356,32,539.191746
-0.259291,30,539.707307
-2.110198,32,540.248248
-3.939396,26,540.700964
-5.150913,30,541.217029
0.465241,25,541.651075
0.121384,22,542.034228
0.01321,22,542.500015
-7.938804,21,542.927805
0.189907,22,543.311064
0.375082,23,543.712672
-0.231898,31,544.243746
0.098794,23,544.651774
-4.035559,22,545.03825
-2.487606,32,545.583788
-1.824887,23,545.987419
-6.49325,27,546.493687
-4.274691,26,546.971563
-2.977611,21,547.344057
-5.461523,33,547.912311
-7.597726,21,548.281063
0.256396,23,548.697832
-2.727818,20,549.055122
-6.880028,27,549.532601
-2.231704,29,550.036253
-3.722717,24,550.457131
-2.275096,28,550.958446
-2.857215,21,551.327661
0.711405,26,551.77683
-10.22383,23,552.175857
0.081585,26,552.667844
0.053178,25,553.098344
-3.181609,22,553.48834
-8.630832,22,553.871791
-5.247767,31,554.402283
0.292234,26,554.855276
-4.148148,27,555.31888
0.281075,20,555.679787
-0.034592,29,556.179537
-9.389477,31,556.712798
-5.927243,22,557.118416
-15.20414,20,557.629868
0.742902,19,557.971813
0.357665,23,558.390388
-3.289711,31,558.930846
-8.124585,29,559.430787
0.202197,23,559.839452
0.060563,30,560.356585
0.227305,24,560.777225
0.252761,28,561.259625
0.13484,22,561.646724
-0.528299,22,562.036375
-3.748372,26,562.516299
0.09112,23,562.940255
0.267063,26,563.393097
0.291257,26,563.845429
-1.307859,30,564.361308
0.239213,30,564.874704
-12.3471,27,565.448312
-0.078834,29,565.946717
0.1079,27,566.417721
0.448415,23,566.838879
-0.067825,29,567.38507
-1.842337,30,567.910784
0.184743,31,568.503741
-2.050739,27,568.989138
-3.994699,21,569.362005
0.665424,26,569.826312
-0.03204,31,570.359208
0.168381,21,570.733756
-1.985777,23,571.145987
-9.820744,27,571.615418
0.129669,26,572.073815
0.069704,20,572.509783
0.665073,26,573.026886
0.14105,22,573.636751
-9.065164,24,574.05304
0.110121,29,574.643831
0.466767,19,575.063705
-0.06045,28,575.555916
-0.023852,24,575.986556
-0.097267,30,576.505029
0.012472,28,577.023849
-2.877968,22,577.417452
-3.487819,33,577.996928
0.05106,29,578.554338
-4.396073,31,579.149533
-1.915764,20,579.571252
-3.087514,32,580.141276
0.028067,29,580.659614
-6.39864,33,581.251583
-5.175401,25,581.691943
-7.18542,30,582.225782
0.484195,23,582.654089
-1.918928,24,583.10647
0.078065,27,583.585686
-0.640224,22,583.982785
0.342018,24,584.40686
-6.022322,25,584.848613
0.26222,23,585.258395
0.699196,22,585.77124
-0.063943,26,586.223194
-1.11459,26,586.681116
0.722109,19,587.04078
-9.085664,30,587.564195
-0.745212,20,587.925387
-3.878944,30,588.444324
0.365992,24,588.865541
-0.870376,20,589.227092
0.197507,21,589.633987
-3.977704,30,590.198782
-0.01057,28,590.696083
0.10601,28,591.210458
-0.066173,28,591.700547
0.273128,22,592.109072
0.223698,24,592.538613
0.407651,28,593.084763
0.269442,23,593.497565
-0.262562,29,594.006917
-1.588894,22,594.398857
0.243537,21,594.776052
0.639326,26,595.243842
0.132491,21,595.626092
-9.185123,28,596.114205
0.245473,23,596.519906
-1.868858,24,596.941175
-0.005168,24,597.364896
-9.301294,27,597.835489
-10.115113,24,598.26087
-0.115804,31,598.794871
0.067884,28,599.285741
-0.07097,24,599.715145
-0.175839,27,600.189885
0.61225,20,600.570645
0.223079,21,600.977985
0.450648,29,601.49692
-4.774534,26,601.954397
-9.348949,25,602.394635
0.436945,21,602.765869
-11.222424,22,603.243129
-3.081517,30,603.829498
-4.773087,27,604.301302
-3.32631,32,604.856951
0.800203,20,605.248226
-0.632439,20,605.606265
-0.435632,32,606.163105
-0.127816,31,606.815285
-5.275168,30,607.340073
-6.477896,33,607.912759
-6.822023,24,608.333354
-3.337353,19,608.686927
0.199229,22,609.078422
-1.878506,26,609.53596
0.589466,30,610.070945
0.034032,24,610.49148
-5.274315,32,611.046381
0.701068,21,611.465629
0.031626,28,611.990506
-0.002416,28,612.478755
-7.05016,25,612.916647
-1.817587,22,613.349211
-7.914745,31,613.901387
-1.945456,21,614.283853
0.271927,24,614.719701
0.299201,23,615.135237
-2.985124,22,615.536336
0.252713,20,615.913627
0.271407,21,616.305793
-1.191961,26,616.773062
0.668337,30,617.292172
-27.278521,28,617.781342
-5.842495,25,618.222294
0.08549,26,618.695242
0.246937,21,619.369649
-3.97215,21,619.738066
-0.112502,29,620.231017
-4.366668,29,620.835581
0.138636,25,621.273911
-0.325259,29,621.780995
0.798958,20,622.145049
-0.17814,26,622.643483
0.766586,20,623.023279
-12.210574,27,623.522067
0.35815,22,623.936121
-0.952122,20,624.381906
0.271281,22,624.775914
-0.009467,31,625.312297
0.501172,21,625.684037
-3.695411,21,626.0629
-0.016571,29,626.567333
-0.076824,23,626.970187
-0.028949,29,627.475378
-7.427056,31,628.008656
-2.831633,23,628.415006
0.254799,23,628.818146
0.131296,25,629.25237
0.112679,27,629.72829
0.464774,19,630.069501
-6.03225,21,630.44158
-4.17933,28,630.926512
0.156713,23,631.337588
0.585507,19,631.681788
0.623654,30,632.198105
-6.007775,26,632.650692
-2.424678,32,633.239769
-4.202154,31,633.962359
0.474839,26,634.42743
0.723347,29,634.936186
0.127545,30,635.453535
-14.228439,19,635.796511
0.455672,21,636.166596
-1.997622,28,636.654122
0.053674,24,637.077756
0.053172,30,637.609551
-8.320475,28,638.109968
-0.051148,28,638.616363
-7.541559,28,639.120208
-4.019349,30,639.669298
-11.488481,32,640.232763
0.40819,23,640.64151
-4.021462,25,641.083824
-3.049191,32,641.672933
-1.965621,21,642.204244
0.141453,21,643.088175
0.352608,20,643.607138
0.64343,23,644.208428
-2.892462,27,645.007754
-2.708515,27,645.769745
0.506649,21,646.226036
-4.151649,26,646.734666
0.009383,31,647.542178
0.750119,21,648.068393
0.0522,28,648.652411
-11.008994,23,649.107777
0.323629,24,649.646631
0.097576,20,650.02459
-8.75035,28,650.531738
-12.390837,27,651.013625
-4.035604,27,651.500283
-3.120292,28,652.052722
0.459764,20,652.422817
0.042238,27,652.905078
-2.144036,26,653.42958
-0.078661,29,653.966466
0.739448,27,654.507785
0.734267,22,654.957009
0.370746,24,655.421874
-2.432094,20,655.818025
0.191025,24,656.283503
-18.435404,30,656.823885
-0.008661,28,657.326466
0.474644,27,657.81251
0.251071,29,658.33019
-2.540449,24,658.766146
-6.991209,29,659.28573
-5.02165,27,659.771926
-3.742247,31,660.325269
0.113929,24,660.760985
-0.154138,28,661.268812
0.152352,20,661.638243
-2.133691,25,662.0926
-0.920254,24,662.532044
0.27107,25,662.985858
0.116517,23,663.503473
0.539533,26,664.057948
0.065889,28,664.602634
-4.294552,26,665.132386
0.551307,30,665.684937
0.295254,25,666.154704
0.139152,27,666.745098
0.422549,27,667.243317
-1.774546,20,667.87391
-1.738624,30,668.406916
-3.48291,28,668.938643
-5.660369,23,669.379377
0.266788,23,669.838286
-2.566135,21,670.239211
0.383986,28,670.756629
-2.161293,28,671.280047
0.21896,30,671.862529
0.428925,22,672.278235
0.162764,26,672.759064
-3.361333,28,673.270865
0.070785,24,673.71555
0.111455,23,674.206835
0.065514,26,674.693749
-0.448886,28,675.210996
0.778379,22,675.792793
0.583235,24,676.338291
-0.03445,29,676.884165
0.051122,27,677.419805
-3.164937,28,677.957552
-5.330327,26,678.49584
0.02554,31,679.105858
-6.945957,30,679.661648
-4.000544,27,680.162354
-0.082413,26,680.652219
0.068589,26,681.134966
0.786973,19,681.61512
0.314171,21,682.022717
-0.748534,20,682.409357
0.080865,22,682.825457
-4.943817,20,683.208352
0.063029,22,683.625015
-1.605274,19,683.998107
0.049948,26,684.547853
0.211247,26,685.036636
-2.876556,21,685.462396
0.704134,19,685.873543
0.180735,25,686.354404
-5.09078,23,686.78335
-0.197445,27,687.312278
0.295997,19,687.67659
-0.140381,28,688.188636
0.681631,22,688.662633
-1.210431,28,689.269712
-4.88857,25,689.755993
0.334026,25,690.250675
0.2874,29,690.805277
-2.495033,33,691.411853
-5.005693,24,691.855871
0.715126,23,692.290513
-14.548924,31,692.859579
-3.887713,27,693.353635
0.640622,25,693.815611
-1.071351,31,694.498409
-5.818839,29,695.107963
0.310305,30,695.653546
0.501689,19,696.015426
0.75805,25,696.521028
-6.537971,32,697.139394
-4.329588,29,697.670765
-9.779603,26,698.154013
-3.149142,27,698.652604
0.147263,29,699.178587
-2.029701,26,699.705684
-0.000487,28,700.21204
-1.137985,28,700.722998
-8.540734,32,701.299377
0.515825,21,701.70269
0.102345,27,702.215452
0.090274,28,702.850922
-3.792321,21,703.240094
-0.867762,24,703.684849
0.221891,21,704.078196
-3.736146,22,704.531466
0.063846,26,705.005757
-13.580672,28,705.508645
0.375027,23,705.933866
0.725116,21,706.378771
-1.957162,22,706.824277
0.722627,22,707.328428
-4.180389,28,707.912799
-1.949845,22,708.330106
0.116801,23,708.747676
0.809794,22,709.156992
-0.021027,25,709.607247
-4.216491,24,710.046029
-2.274266,25,710.497109
-6.548075,32,711.065737
-1.662224,21,711.453187
0.218739,24,711.885992
0.398398,26,712.382564
-2.997659,22,712.781761
-0.086519,25,713.283522
0.541301,24,713.716559
-12.365392,25,714.164935
0.691837,19,714.572741
0.722559,20,714.943456
-2.286479,27,715.424116
0.063252,28,715.915987
-3.350242,8,716.360876
0.286232,25,716.787124
-0.06421,25,717.224899
0.56266,29,717.744339
-0.052479,29,718.33121
0.185247,20,718.735098
-0.334427,29,719.2458
-0.01593,27,719.742264
-4.746098,31,720.28285
-0.232676,32,720.929445
-5.260276,27,721.410137
-0.172211,30,721.930089
-5.876872,27,722.402014
-5.415209,19,722.744894
-8.372523,30,723.263512
-14.23565,19,723.607506
-0.323082,28,724.096396
0.417718,26,724.67145
-0.04796,31,725.245602
-2.255396,24,725.700869
0.065493,23,726.188372
0.431011,23,726.635816
-2.301852,28,727.130207
-0.332428,32,727.720243
-0.320804,31,728.28737
-0.242167,32,728.950507
-0.375905,32,729.634259
0.27438,23,730.092216
-0.039647,25,730.66357
0.393592,26,731.209413
0.10015,20,731.581039
-0.741183,21,731.981959
-4.468494,31,732.578019
0.314118,20,732.9444
0.708148,23,733.354407
-0.372875,32,733.910661
0.000989,30,734.524883
-14.175399,31,735.087087
0.275005,21,735.467621
-0.159021,28,735.973662
-2.032711,23,736.398386
-1.033543,31,736.95385
-0.966352,27,737.430223
0.323582,22,737.82243
0.047538,20,738.178961
0.192377,21,738.570603
-3.132069,30,739.097173
-3.104946,24,739.52156
-0.029869,24,739.967774
-0.825407,20,740.513426
0.130326,20,740.886976
0.175421,24,741.313929
0.076511,27,741.799544
-1.908459,22,742.189448
-0.142013,30,742.717535
0.115309,22,743.113482
-1.93108,26,743.568083
-0.108384,26,744.021176
-16.272299,24,744.445784
-5.784552,26,744.956736
0.132476,31,745.490745
-2.314177,30,746.007336
-7.317575,26,746.475147
0.060514,23,746.883111
-10.284488,24,747.305547
0.210315,21,747.676429
-2.335635,23,748.080335
0.225873,29,748.580829
0.168623,26,749.032972
0.184493,22,749.428928
0.158672,23,749.837329
0.351384,19,750.202833
-0.172899,30,750.748629
-0.89664,28,751.230567
0.295712,20,751.591231
-6.497216,32,752.145238
-0.374752,30,752.661891
0.144001,23,753.06168
-4.883112,22,753.450652
-0.116169,27,753.91362
0.302205,22,754.367416
-1.777056,20,754.79552
0.366087,23,755.217062
-0.102141,31,755.74802
0.251308,29,756.246654
-2.210455,23,756.651838
-0.135385,29,757.155717
0.697073,21,757.527195
0.006798,31,758.052426
-1.017087,25,758.486466
-2.198498,26,758.931749
0.184615,25,759.365269
-0.00257,26,759.8154
-0.083267,31,760.34244
0.675108,19,760.678427
0.43703,20,761.053412
0.235889,20,761.550558
-6.249356,29,762.058851
-11.140775,50,763.214545
-0.061923,26,763.691059
-2.205984,29,764.193737
0.155926,25,764.621378
-0.035172,29,765.167769
-7.248521,27,765.627883
-20.307242,21,765.994297
-2.309222,27,766.452307
-7.212378,20,766.804166
-3.99454,21,767.176987
-0.173932,27,767.656583
-5.004668,23,768.067634
0.017192,26,768.528235
-4.50276,28,769.018497
0.279319,23,769.431774
0.018594,28,769.928589
0.124518,22,770.325575
0.717546,23,770.794266
0.100912,31,771.371144
0.060015,28,771.896571
0.402655,27,772.421093
-0.143764,28,772.912393
-6.418331,32,773.484894
0.408967,23,773.892704
-3.8898,25,774.332818
-0.238673,26,774.7912
0.463588,25,775.283
-8.374613,31,775.824491
-0.163097,26,776.283563
-3.925465,22,776.677972
-6.281104,29,777.181521
0.056664,24,777.609064
-0.208437,27,778.080108
-2.027673,24,778.53408
0.234141,25,778.976005
0.728319,19,779.317373
0.151312,31,779.859456
0.232262,29,780.360497
-0.780223,21,780.730473
0.041552,25,781.168273
0.078297,27,781.735839
0.33978,23,782.14227
-0.035377,25,782.594844
0.236767,24,783.064043
-1.832803,20,783.43169
-0.16247,24,783.857768
-5.409271,29,784.365197
-0.699022,21,784.739677
-5.160043,26,785.259112
-0.946258,24,785.74301
-0.881166,21,786.129741
-0.226864,31,786.662594
-4.847703,25,787.100573
-0.214827,25,787.542203
0.345834,28,788.029381
-4.410359,32,788.577655
0.234553,26,789.051224
0.08396,27,789.522721
0.586494,24,789.953273
-0.01684,31,790.488148
0.186924,24,790.911345
-16.311926,32,791.459328
-0.060541,28,791.944182
-3.165945,30,792.461148
0.202802,24,792.877702
-2.423312,29,793.40735
0.311451,29,793.970067
0.675128,20,794.331587
-0.122295,31,794.868446
-0.230073,28,795.395155
0.409159,27,795.878088
-4.501001,30,796.401739
0.164126,23,796.805797
-1.737258,24,797.222847
-6.569326,33,797.786283
0.617957,19,798.126237
0.33767,25,798.57568
0.283888,21,798.963444
-5.869866,24,799.381054
-0.062135,24,799.803683
0.305259,25,800.241425
-0.181861,26,800.834497
-0.986469,22,801.221129
-3.173285,28,801.705806
0.057501,27,802.172222
-9.499673,31,802.702986
0.230531,24,803.120666
-0.165075,30,803.638842
0.497954,27,804.110369
-2.78076,31,804.700056
-6.035524,22,805.163716
-3.672283,19,805.569532
-0.009626,21,805.975799
-0.206211,31,806.513068
-2.967771,27,806.98492
0.064023,25,807.423341
-4.533811,50,808.54295
0.161107,29,809.056071
-1.88812,23,809.464495
-4.098349,31,810.00283
-7.788174,20,810.361972
0.413879,23,810.766511
0.185512,29,811.272645
0.179611,29,811.812415
0.016674,29,812.353545
-0.984375,23,812.778879
0.150847,25,813.225206
-1.325294,24,813.649446
0.133734,21,814.031803
-0.122382,29,814.536878
-0.235473,30,815.083239
0.010107,31,815.828986
0.161638,22,816.23996
0.241098,27,816.723157
-5.39566,32,817.278175
-0.073635,29,817.785616
0.373443,25,818.229682
0.101408,31,818.772489
-1.46795,32,819.343205
-3.770409,27,819.857075
0.028648,25,820.306986
-1.687781,20,820.680932
-7.217737,30,821.343626
-0.214651,26,821.806275
0.193414,21,822.220071
-7.031881,22,822.636137
-4.966591,22,823.053909
0.378636,24,823.51537
0.10699,23,823.951537
0.507159,21,824.348894
-4.245733,32,824.934814
0.012362,21,825.353376
0.148388,25,825.820405
0.074107,27,826.421121
-1.132575,27,826.918683
-5.725843,33,827.502963
-4.970007,21,827.885618
-5.81689,20,828.270896
0.272781,20,828.630379
-0.213509,30,829.158219
-0.049909,27,829.65936
-1.98301,22,830.063214
-0.785679,20,830.431618
-3.011937,24,830.858098
0.587171,26,831.317169
0.201501,25,831.761843
0.027679,24,832.196168
0.189479,22,832.604189
-9.998798,23,833.015075
-0.011817,25,833.462615
0.372551,21,833.838739
0.677635,20,834.198588
-6.894336,30,834.754043
-2.892438,23,835.182557
0.290358,22,835.613889
-4.914497,21,836.014857
-1.818014,21,836.396651
-2.872697,20,836.774239
0.262388,27,837.307337
0.184525,23,837.732468
0.444241,27,838.211867
-0.050965,30,838.755091
-7.184816,30,839.283893
0.359991,23,839.693605
0.235827,32,840.355325
-2.395198,29,840.864483
-8.950253,24,841.290885
0.213849,24,841.718781
-7.316408,31,842.260397
0.146655,29,842.766421
0.267996,22,843.161491
0.0157,32,843.734524
-3.412583,30,844.270683
0.626238,19,844.625606
0.057677,24,845.069892
-1.789895,23,845.582044
0.536618,26,846.106483
-0.002586,24,846.537765
-7.207089,28,847.030684
0.258527,30,847.563348
0.01529,25,848.043557
-2.797336,20,848.430314
-6.120106,26,848.913543
0.275663,20,849.286145
0.267459,22,849.680542
0.095306,25,850.126461
-3.06149,22,850.531035
-5.219232,28,851.02273
0.274926,26,851.482244
-1.243442,29,851.987029
-1.89436,30,852.517797
0.022813,29,853.026063
-2.960195,23,853.443274
0.415581,16,854.082228
-5.289942,24,854.503359
0.286541,30,855.028331
-2.592902,26,855.558933
-7.442937,30,856.174292
-6.939728,29,856.685933
-10.170301,28,857.202796
-5.091612,27,857.753505
0.215846,22,858.155831
0.188162,26,858.670604
-0.163238,26,859.172669
0.280998,28,859.672605
-10.167591,29,860.191054
-4.212198,31,860.73341
-3.264491,27,861.213778
-0.032562,31,861.756103
0.138579,31,862.301485
-4.756736,28,862.79824
-4.023001,32,863.3618
-0.563771,20,863.724831
0.009603,21,864.108051
0.292136,22,864.520344
0.372488,26,864.9865
-0.834001,25,865.530067
-2.000179,24,865.990224
-0.115707,28,866.504748
0.651401,24,866.935459
-0.823035,22,867.348394
-2.05609,26,867.878044
0.646377,31,868.431773
0.418632,21,868.814733
-0.627374,29,869.354794
0.678985,29,869.955018
0.03766,26,870.440968
0.316239,26,870.92024
-2.666906,23,871.336301
0.051333,23,871.753408
-1.578924,30,872.335814
0.327057,27,872.836595
-0.050803,27,873.346849
0.435153,22,873.753154
0.357512,20,874.119849
-7.260692,24,874.565073
0.145962,22,874.968441
-2.4327,29,875.484845
-4.721322,22,875.882195
-1.902604,29,876.514768
-7.044793,29,877.068058
-0.085262,25,877.526551
-3.208739,26,877.99884
0.539392,19,878.35442
-4.551646,19,878.713688
0.406754,19,879.064307
0.175813,28,879.566705
0.625656,24,880.009534
-4.150742,27,880.550648
-2.252059,32,881.136723
-1.089091,26,881.608356
-2.996916,30,882.170682
-0.21052,32,882.749809
0.593119,21,883.138046
-2.041429,23,883.562376
-3.036861,23,883.998561
0.301617,20,884.3694
0.173442,22,884.771532
0.233019,26,885.271481
-4.941265,30,885.808729
-1.997295,24,886.381487
0.081532,21,886.801535
-0.69712,22,887.205834
-2.739367,23,887.631851
-3.151095,32,888.211938
0.159828,28,888.715157
-0.135485,27,889.20743
0.187389,29,889.731475
-4.31522,31,890.289098
-18.557268,31,890.877226
-0.09649,23,891.364312
-5.176746,24,891.83084
0.456874,28,892.339878
0.200022,26,892.821456
-7.068286,26,893.292759
-0.053013,29,893.817243
-1.93818,23,894.236201
0.716139,20,894.608919
0.475051,26,895.116191
0.242327,24,895.557157
0.058963,25,896.013228
0.365798,31,896.604942
-5.969242,25,897.057944
0.369192,20,897.431292
0.106691,24,897.867618
0.075221,30,898.404739
0.444654,22,898.854176
0.389447,20,899.231378
0.023322,25,899.682168
-1.87948,26,900.295837
0.195239,22,900.713611
-7.543684,50,901.912023
0.031944,23,902.371339
-1.807234,20,902.772921
-3.348078,30,903.317124
0.531208,26,903.886016
-2.066149,23,904.306328
0.368907,24,904.79853
0.128474,31,905.360786
0.688426,22,905.766233
-6.387901,27,906.295858
-4.009734,28,906.890447
-4.948201,24,907.337655
0.187968,31,907.884744
0.655196,20,908.253782
-0.89462,20,908.63204
-5.30885,32,909.216542
-0.122291,30,909.75721
-0.044697,26,910.231311
-0.585605,21,910.618557
-7.272024,28,911.11906
-3.937212,23,911.537888
-5.972355,25,911.98206
-2.71694,20,912.350245
-3.114027,24,912.797569
0.437349,23,913.26044
-0.110252,32,913.849157
-6.744948,24,914.280971
-10.989242,22,914.681047
0.514697,28,915.18309
-7.04501,24,915.616966
-5.019203,25,916.070659
-3.954332,21,916.456654
0.76274,21,916.890959
0.17004,26,917.361908
-0.227028,30,917.897647
0.005645,23,918.326445
0.168364,21,918.707556
0.411299,21,919.097102
0.121369,21,919.482766
-5.72768,20,919.847441
-0.003785,31,920.406755
0.047201,25,920.85248
-10.300391,29,921.367361
0.128925,20,921.734259
-2.226007,32,922.297665
-9.374849,24,922.794765
-0.152963,27,923.302104
-4.813614,21,923.702732
-3.871108,30,924.287947
0.659502,21,924.669508
0.5629,29,925.187547
-2.093798,25,925.631942
-0.032822,28,926.126284
0.383857,22,926.518677
-3.585724,20,926.914139
0.625428,30,927.453263
-6.122225,25,927.89713
0.403748,27,928.378532
0.314221,20,928.745446
-9.479604,20,929.112298
-6.879928,26,929.577523
-3.008154,30,930.101441
0.391652,26,930.561158
-3.941272,30,931.081476
-4.353361,28,931.579292
-4.221105,26,932.036385
0.137551,23,932.503885
-12.304117,31,933.041866
0.01353,28,933.53174
-6.069022,24,933.95822
-8.932954,29,934.483404
-0.241346,25,934.960334
-2.159293,29,935.473113
0.45552,27,935.946042
-2.653921,23,936.365825
0.686893,31,936.906718
0.019178,26,937.536898
-0.800489,27,938.046205
0.272647,22,938.497664
-1.995852,25,938.942831
0.36672,29,939.454751
0.356617,20,939.815923
0.790306,19,940.162911
-1.990268,25,940.608052
-10.280336,27,941.081095
0.336469,30,941.602207
0.080556,32,942.159453
-2.824124,22,942.549603
0.052122,24,942.978299
0.574367,21,943.357744
-1.110074,31,943.91107
0.290143,26,944.464883
0.699667,19,944.80824
-7.091852,27,945.308415
0.154314,24,945.776036
-7.084237,29,946.296897
-6.834059,27,946.778059
0.587138,25,947.556748
0.246155,27,948.005292
-4.892818,21,948.383423
0.216893,27,948.865472
-3.101939,29,949.380143
0.615622,25,949.818835
-7.228014,30,950.341088
-2.024722,23,950.749527
0.374544,23,951.151151
0.113705,27,951.620326
0.73733,25,952.053858
-4.75531,23,952.46172
0.722074,19,952.802399
-7.992763,28,953.296062
0.434652,22,953.684593
-3.053811,28,954.168274
-5.134067,30,954.681221
0.467459,29,955.213597
0.71213,26,955.669322
-1.714666,23,956.088311
0.224872,27,956.60503
0.508037,29,957.119341
0.581999,21,957.551627
0.74443,24,957.973692
0.720216,22,958.362389
-0.274602,32,958.912969
0.115624,30,959.433003
-3.229287,26,959.885649
0.264568,27,960.358129
-0.008314,24,960.78178
0.141318,21,961.15938
-5.10076,27,961.629761
-4.032847,23,962.033966
-3.562296,19,962.373409
0.020633,30,962.919506
-7.03432,28,963.414424
0.516742,22,963.806132
-2.209988,30,964.431428
0.554436,20,964.789466
-1.915765,27,965.2589
-7.180993,31,965.78956
-4.94459,25,966.227523
0.061396,23,966.629361
0.695898,19,967.09266
-0.072398,28,967.803229
0.417809,26,968.286713
-5.437229,31,968.844719
0.000929,24,969.272211
-0.250576,30,969.794492
-0.326328,32,970.350605
0.59792,30,970.883023
-0.045253,27,971.353041
0.038948,27,971.82702
-0.165107,32,972.38511
-4.885594,26,972.844141
-9.961091,22,973.234349
0.032039,29,973.737257
-2.759128,21,974.140327
-5.023148,24,974.566996
-6.382503,32,975.165707
-4.981451,20,975.527048
-0.019919,30,976.055478
-3.746973,22,976.444714
0.351641,21,976.820862
0.249828,25,977.282519
0.413715,24,977.730573
0.643671,25,978.284682
0.668717,22,978.699367
-1.820696,21,979.079961
-3.117835,32,979.666797
0.390842,23,980.077135
0.035116,28,980.66459
0.359211,27,981.135625
-3.823666,30,981.655728
0.652863,24,982.080454
-3.845991,21,982.458122
0.128868,22,982.848687
0.791411,19,983.190854
-4.330372,31,983.723406
-11.751107,33,984.293054
0.575498,25,984.733127
-10.176911,31,985.279233
0.41021,21,985.774702
0.418884,22,986.240508
-0.087419,27,986.814952
0.284118,29,987.331509
0.154803,30,987.916826
-4.051187,29,988.444126
0.178644,30,989.071483
-4.310408,31,989.659124
-3.972093,22,990.067402
-2.186811,31,990.62631
-2.170626,30,991.149375
0.420593,20,991.512127
0.101815,28,992.244538
0.602416,30,992.764173
-2.089937,27,993.238747
-6.466957,50,994.342589
0.439164,29,994.860053
-5.283787,29,995.382174
-0.105718,31,995.928123
-2.190283,29,996.431749
-3.923862,22,996.822899
0.085496,30,997.472211
-2.82459,22,997.936049
-3.083497,23,998.355028
0.276921,21,998.730406
-2.136733,25,999.176333
0.224162,22,999.57377
-0.106427,28,1000.182304
0.31824,22,1000.724421
0.094359,30,1001.250354
-4.211718,27,1001.728339
0.046705,28,1002.228855
0.291934,20,1002.59015
-6.454934,28,1003.084898
-0.196175,32,1003.646189
0.539305,22,1004.055958
-1.64634,23,1004.475105
0.483078,19,1004.82217
0.593544,26,1005.286295
0.674682,19,1005.636338
0.716964,25,1006.082056
0.139236,31,1006.626582
0.292886,25,1007.073355
0.074801,31,1007.631152
0.545287,22,1008.049084
0.230915,29,1008.563225
0.121976,20,1008.923995
-0.099071,28,1009.417102
-4.007842,29,1009.926623
-1.054129,31,1010.477695
-0.727777,22,1010.927444
-0.090889,29,1011.456865
-0.017954,29,1011.965547
-0.256265,30,1012.49811
-1.983179,24,1012.925857
0.072336,25,1013.369789
-0.169927,29,1013.876901
0.168889,24,1014.306363
-1.104964,26,1014.76176
0.051091,27,1015.24087
0.152874,27,1015.711583
-2.646297,28,1016.283421
0.089093,24,1016.746542
-4.333032,28,1017.241566
0.228701,28,1017.732356
0.610802,23,1018.198188
-5.997229,28,1018.693371
0.190749,21,1019.069872
0.105583,24,1019.495136
0.286115,22,1019.889882
-1.84364,24,1020.319856
0.187202,27,1020.78905
-2.68395,20,1021.149257
-3.148449,24,1021.713011
0.533896,19,1022.094748
-0.367891,32,1022.662917
-6.672057,21,1023.042152
0.339247,19,1023.393655
0.507493,31,1023.937566
0.448298,19,1024.282266
-6.084007,25,1024.723209
0.120257,30,1025.244606
-0.822824,30,1025.761885
0.754107,29,1026.264997
-6.010747,25,1026.721571
-3.59694,32,1027.287804
-0.682875,23,1027.696861
0.48547,23,1028.121198
-0.310634,30,1028.764656
-9.339532,31,1029.319061
0.021296,24,1029.74119
0.349881,22,1030.139311
0.181685,30,1030.660782
0.198673,30,1031.181837
0.311285,20,1031.535583
-2.976159,21,1031.905727
-0.168051,29,1032.43208
-1.803597,24,1032.893838
-1.921498,25,1033.338691
0.246968,29,1033.839294
-4.08011,31,1034.405624
0.196691,24,1034.830041
0.648746,30,1035.347965
-1.555938,32,1035.89795
0.028151,27,1036.371821
0.481824,27,1036.842798
0.704863,20,1037.199903
-3.436296,30,1037.713343
-1.178449,30,1038.236864
-3.987613,23,1038.710652
-3.358402,50,1039.753177
-3.236739,31,1040.346888
0.193147,26,1040.956059
0.271388,20,1041.313358
0.641628,23,1041.714531
-0.254338,29,1042.211964
-2.921855,23,1042.619609
-0.771127,21,1042.987776
-8.382855,31,1043.589806
-0.887155,30,1044.128515
0.551133,29,1044.628789
-0.918516,26,1045.08747
0.398715,29,1045.590242
-7.692301,30,1046.105871
0.598597,23,1046.508035
0.308444,28,1046.987941
-2.90811,26,1047.434581
-0.407156,31,1047.961212
-7.108734,28,1048.452196
-3.060563,27,1048.950232
-4.690393,22,1049.336576
-2.200411,28,1049.815388
0.026156,27,1050.283865
-0.081357,23,1050.683458
0.712777,29,1051.179381
-3.832625,22,1051.56084
0.258317,27,1052.019002
0.832392,19,1052.355744
0.382587,20,1052.707898
0.350981,25,1053.138924
-6.182219,26,1053.588129
-0.128236,31,1054.133047
0.165889,30,1054.685279
-6.966249,24,1055.107563
-5.694231,26,1055.557984
-4.859559,31,1056.086364
-6.068153,27,1056.552261
0.61098,25,1056.987282
0.166136,24,1057.403923
0.224899,31,1057.930309
-0.389308,32,1058.578717
0.086274,24,1059.027386
-2.045144,25,1059.485672
-3.961651,27,1059.962895
-2.187992,28,1060.450763
-7.195201,28,1061.030302
0.219027,28,1061.516063
-2.092257,32,1062.075877
-4.641915,25,1062.516269
0.337523,20,1062.868405
0.184019,25,1063.30759
-8.217361,27,1063.773548
0.694783,27,1064.252605
0.085136,30,1064.771341
0.090631,31,1065.480494
-3.981232,27,1065.962985
0.480215,19,1066.310918
-0.933335,23,1066.731509
0.159867,28,1067.2468
-2.900147,26,1067.707793
0.010737,32,1068.35403
0.194618,26,1068.843644
-3.025677,27,1069.31751
0.587209,23,1069.722392
-4.955989,29,1070.229634
-3.049145,26,1070.688413
0.244424,30,1071.200822
0.466584,30,1071.718255
0.383617,24,1072.135582
0.136596,30,1072.65073
-3.095354,28,1073.135615
-6.139043,30,1073.649999
0.305131,28,1074.130777
0.121487,29,1074.633828
0.274633,22,1075.021123
-1.933699,23,1075.427009
0.142709,28,1075.935979
0.031673,27,1076.44282
0.171399,25,1076.886438
0.000245,26,1077.339281
-5.115779,25,1077.7836
0.209287,23,1078.188271
0.367728,28,1078.724951
-2.950971,23,1079.131322
0.318652,30,1079.733732
-0.226088,28,1080.224887
0.385541,23,1080.628114
-1.793943,28,1081.122916
0.588281,20,1081.477407
-0.111641,31,1082.012408
-2.279172,31,1082.539729
0.342951,22,1082.930055
0.618622,22,1083.319116
0.338264,28,1083.801336
-5.458552,50,1084.937213
0.054813,25,1085.385254
-6.174449,26,1085.838511
-1.937349,31,1086.366595
-2.441702,29,1086.901805
0.725674,25,1087.376998
0.139596,27,1087.850524
0.351658,23,1088.327607
0.180163,30,1088.954739
-2.846136,25,1089.400759
0.193723,23,1089.808493
0.582051,20,1090.1681
0.218883,29,1090.694118
-3.595007,29,1091.232679
-4.670192,25,1091.672511
-1.933081,30,1092.193
-4.909716,21,1092.570201
-4.988053,32,1093.134605
-0.077464,24,1093.553596
-0.760084,24,1093.975265
0.085788,32,1094.542836
-0.038719,30,1095.061639
0.049834,31,1095.594921
-1.514916,31,1096.139963
-1.692951,22,1096.528345
-1.755038,20,1096.961267
0.330788,20,1097.441931
0.179728,29,1098.026313
-1.969403,24,1098.500266
-0.352091,31,1099.133603
0.191084,24,1099.575641
-5.730798,33,1100.147674
0.216809,28,1100.631478
-2.048473,29,1101.14173
-0.908541,25,1101.581728
-7.931776,27,1102.061585
0.574793,21,1102.455015
-0.118837,25,1102.897156
-1.90444,26,1103.352682
-1.726229,21,1103.723129
-2.105282,29,1104.226961
0.495148,24,1104.655025
0.582199,19,1104.995221
0.421618,31,1105.537744
0.451915,22,1105.92582
-2.706528,26,1106.38215
0.567331,30,1106.894642
-0.70636,19,1107.241539
0.327712,22,1107.627843
0.042256,32,1108.180062
-5.768034,21,1108.597291
0.000724,31,1109.28539
0.269315,21,1109.67114
-1.002193,27,1110.182589
0.117298,30,1110.730935
0.168148,25,1111.200908
-0.835288,23,1111.609893
0.183375,26,1112.069317
0.295472,24,1112.4968
-7.068038,23,1112.936937
0.439495,22,1113.457507
0.34056,20,1113.891283
0.282777,27,1114.802404
-2.285437,32,1115.389935
0.640956,21,1115.7643
0.278747,19,1116.11015
-3.641775,21,1116.487763
-4.047285,26,1116.941681
0.12806,28,1117.452468
0.231818,28,1117.940646
0.471906,29,1118.596882
0.122981,27,1119.090182
0.359211,25,1119.731307
-4.841718,27,1120.300199
0.060415,26,1120.770793
0.266939,30,1121.309911
-7.61613,22,1121.70659
0.363482,28,1122.201527
-8.204536,31,1122.81099
0.714406,25,1123.25701
0.232859,29,1123.781663
0.187548,26,1124.253489
0.357384,19,1124.613791
0.350236,24,1125.041192
0.555561,23,1125.471905
-0.057269,26,1125.937469
0.427785,25,1126.383949
-1.328903,31,1126.932133
0.647193,25,1127.386945
0.58285,28,1127.881845
0.46555,28,1128.378794
-1.657368,25,1128.822002
-2.824712,23,1129.263386
0.733452,27,1129.863548
0.603918,29,1130.430903
0.530771,17,1131.00015
0.205584,30,1131.514687
0.242167,28,1132.009953
-5.6645,20,1132.386641
0.073979,26,1132.845546
0.341145,20,1133.205883
-0.010108,30,1133.727326
0.427283,30,1134.248283
0.504864,27,1134.72283
0.486679,28,1135.211086
0.346327,22,1135.599856
0.224477,26,1136.052215
0.188272,27,1136.6196
0.490492,26,1137.164552
-6.347201,32,1137.841781
-0.728667,20,1138.272402
0.701636,23,1138.719432
0.743975,24,1139.183096
-3.821401,24,1139.799763
-0.100921,29,1140.390227
-2.754958,24,1140.888772
0.759342,27,1141.447905
0.310062,21,1141.880798
0.129546,20,1142.289091
0.461692,21,1142.726722
-0.938159,23,1143.188287
-0.208802,31,1143.808544
-3.92203,25,1144.279143
-2.650216,20,1144.663929
0.204332,23,1145.082499
-0.823681,25,1145.605024
-1.935602,23,1146.045809
0.400034,26,1146.535418
0.190487,27,1147.072865
0.255032,20,1147.478755
0.43928,24,1147.935173
-3.352564,31,1148.500144
-2.931678,23,1148.920265
-3.752402,25,1149.489682
0.269892,21,1149.959322
-1.100683,30,1150.535646
0.018041,25,1151.047289
0.129915,29,1151.60753
-1.813957,24,1152.05608
0.148343,26,1152.544093
-7.334829,28,1153.05788
0.376527,29,1153.590928
0.274936,25,1154.048591
-2.009164,30,1154.614714
0.363935,20,1155.102914
-2.167546,30,1155.710144
0.314881,21,1156.248028
-2.5958,20,1156.635246
0.285691,20,1157.015566
-1.854802,25,1157.47742
-10.310635,27,1157.978887
0.266309,26,1158.484435
-0.795025,21,1158.873133
-3.576169,20,1159.279261
-0.278753,30,1159.877531
0.455934,22,1160.298318
-2.653317,24,1160.784823
-1.983407,24,1161.271145
0.535472,26,1161.778446
0.254005,25,1162.251366
0.078913,27,1162.762889
0.350237,19,1163.125992
-4.36061,32,1163.710427
0.378909,22,1164.123211
-0.855513,26,1164.606291
-5.347269,31,1165.176894
-2.69824,23,1165.730625
0.011355,25,1166.198354
0.444007,24,1166.652935
-1.772413,24,1167.101328
-0.974711,30,1167.652877
-1.993671,24,1168.104587
0.309498,28,1168.630947
0.349261,30,1169.181335
0.687832,20,1169.594377
0.152893,28,1170.140572
0.628487,30,1170.754264
-3.845612,22,1171.336096
0.420297,29,1172.022139
0.442145,24,1172.498663
-7.772043,21,1172.918173
0.656691,31,1173.624609
0.419294,22,1174.069811
0.348333,20,1174.496533
0.705548,29,1175.103109
-5.050963,29,1175.714815
0.288015,23,1176.172721
0.512233,25,1176.714597
-3.013129,29,1177.467689
0.212478,27,1178.098426
0.627123,22,1178.717908
0.062142,31,1179.549573
0.12408,31,1180.444689
0.458916,21,1181.151882
0.399884,22,1182.089553
-0.701193,27,1182.952989
0.311457,25,1183.816544
0.501573,19,1184.496522
0.53731,19,1185.037174
0.308883,24,1185.720084
0.193471,28,1186.686787
-0.475104,19,1187.294688
0.360108,22,1187.828374
0.411995,21,1188.322914
0.354843,26,1188.915806
0.663815,19,1189.366277
-3.247885,31,1190.034026
-0.936977,24,1190.66289
0.649509,22,1191.129584
0.280329,23,1191.647889
0.579127,25,1192.216176
0.28001,25,1192.751786
-0.999107,30,1193.364559
-1.74062,29,1193.927294
0.501069,23,1194.381745
0.362363,27,1194.902664
-4.04438,29,1195.462042
-2.049766,31,1196.050427
0.483695,23,1196.498859
0.378139,24,1196.963262
0.208014,23,1197.411321
0.638068,20,1197.807751
-5.935528,26,1198.314516
0.212935,25,1198.80892
0.278859,21,1199.221236
0.793488,19,1199.597139
0.280919,28,1200.138124
-2.866959,25,1200.6882
-0.668561,21,1201.104129
-1.085859,31,1201.717708
0.232132,24,1202.221789
0.356584,28,1202.77407
0.804137,21,1203.193056
-3.023035,24,1203.665622
0.337445,22,1204.09425
0.450912,22,1204.520842
0.691288,24,1205.012806
-0.852282,28,1205.551604
-0.013758,28,1206.083381
0.552366,27,1206.598967
-9.021627,27,1207.10804
0.231071,28,1207.737713
-1.652349,29,1208.282502
0.293056,20,1208.669064
-2.944863,30,1209.247998
0.59536,20,1209.639535
-1.87944,23,1210.077066
0.479472,27,1210.745325
0.270808,21,1211.196954
0.670606,20,1211.589473
-5.630592,25,1212.150636
-6.758188,29,1212.741257
-1.769262,28,1213.277126
0.335295,23,1213.730924
0.616209,23,1214.1746
-0.665769,19,1214.547096
0.305334,23,1214.99194
0.238594,25,1215.473089
0.398135,26,1215.985373
0.275355,25,1216.499336
-6.569407,32,1217.11741
-6.311804,26,1217.606459
0.555282,24,1218.065599
-2.694985,21,1218.488192
0.310139,28,1219.059916
-5.170732,28,1219.632574
0.484349,22,1220.052644
0.393351,27,1220.623796
-1.747969,26,1221.113481
-0.621856,20,1221.498036
0.20513,25,1221.994487
0.623786,28,1222.553541
0.451543,19,1222.935973
0.298841,24,1223.383373
-2.114248,29,1223.925217
-2.892659,24,1224.3701
0.034182,31,1224.933981
-1.93323,28,1225.452979
-4.720041,22,1225.866329
-4.857677,25,1226.429071
-4.043437,23,1226.858965
0.525092,21,1227.254856
0.420321,19,1227.61661
-0.722106,20,1227.998719
0.158971,30,1228.543732
0.691035,23,1228.970512
-2.908123,27,1229.465409
-0.804036,23,1229.895305
-6.295462,30,1230.447167
0.785573,26,1230.963764
0.434687,19,1231.324452
0.31226,20,1231.70369
0.340816,31,1232.322179
-1.712819,30,1232.883823
-2.889482,23,1233.313785
0.035464,28,1233.831867
-3.275252,50,1234.937727
0.391499,24,1235.385347
-3.566561,20,1235.795869
0.668183,31,1236.364022
0.276185,26,1236.833097
-1.926581,27,1237.323621
0.267075,31,1237.880334
0.528907,20,1238.249605
0.081443,25,1238.699362
0.092522,28,1239.201997
0.546659,20,1239.574674
0.483418,26,1240.044344
0.701392,26,1240.633407
0.256999,22,1241.077815
0.132279,27,1241.564997
0.712864,25,1242.020955
0.423177,23,1242.456313
-0.999993,32,1243.065905
0.650124,21,1243.479651
0.344264,21,1243.862555
0.325837,27,1244.358121
0.004046,30,1244.896518
0.320233,22,1245.299192
0.245224,30,1245.836031
0.500585,30,1246.443315
-0.716238,26,1246.92177
0.262656,25,1247.387614
0.418482,20,1247.748994
0.279079,25,1248.200127
-6.150833,28,1248.702579
0.644124,19,1249.050802
0.41044,27,1249.528193
0.339489,28,1250.02255
-1.884265,29,1250.536538
0.066937,32,1251.145074
-1.663061,23,1251.560512
-1.871445,25,1252.004776
-0.748183,22,1252.397619
0.538167,24,1252.824801
0.32619,27,1253.304774
-0.038135,23,1253.741373
0.389169,26,1254.239372
0.419461,22,1254.645756
0.674301,24,1255.072783
-1.867042,32,1255.645758
0.553238,19,1255.988843
-1.749733,24,1256.413865
-4.667135,22,1256.80623
0.757616,22,1257.199426
0.228564,26,1257.653597
-1.71316,24,1258.075415
-7.919068,30,1258.601935
-0.112363,31,1259.140496
-3.277572,31,1259.677296
0.225888,23,1260.084465
-0.689886,21,1260.464224
0.437675,26,1260.918475
0.747607,30,1261.502982
0.269959,29,1262.063641
0.455738,27,1262.560348
-4.94461,28,1263.053669
-2.81268,28,1263.582164
0.419369,30,1264.145621
-1.005639,28,1264.748747
0.227061,31,1265.554381
0.362584,27,1266.150604
0.32715,27,1266.645051
0.406661,27,1267.136154
0.51187,26,1267.610192
-1.820925,24,1268.047247
0.59281,24,1268.479255
-2.804597,24,1268.910807
-4.186197,28,1269.424159
-1.765341,26,1269.893392
-3.617809,20,1270.299251
0.56671,26,1270.771284
0.621199,22,1271.184758
0.481251,20,1271.658142
0.508655,21,1272.091934
0.181545,29,1272.662063
0.787818,23,1273.080094
0.444169,21,1273.463125
-2.693793,23,1273.880983
-1.685337,20,1274.242615
-2.650605,21,1274.624917
0.370794,21,1275.010766
-1.592885,20,1275.402151
0.597124,19,1275.800755
0.525351,30,1276.351537
-3.629332,25,1276.824094
0.328934,22,1277.260155
0.319873,24,1277.712795
0.451363,21,1278.115587
0.606892,20,1278.547439
0.503708,27,1279.022785
0.502069,23,1279.55099
-3.152394,32,1280.105982
0.378889,26,1280.56219
0.67658,15,1281.069246
0.449354,22,1281.649451
0.287264,29,1282.1573
-0.478083,19,1282.592246
-2.926101,23,1283.100559
-1.875915,28,1283.61809
0.179816,24,1284.044658
0.411938,27,1284.527771
-1.774452,26,1284.992349
-1.75115,27,1285.474196
-1.678024,22,1285.873625
0.267287,26,1286.354881
-0.615087,26,1286.855108
0.7122,23,1287.271237
0.186824,31,1287.81124
0.307635,25,1288.263175
0.419877,25,1288.709903
0.455581,30,1289.23521
0.269207,30,1289.758558
0.339605,20,1290.123702
0.310831,23,1290.534375
-2.934534,27,1291.013043
0.682884,28,1291.508656
0.557394,23,1291.956728
0.538089,21,1292.332205
0.080873,30,1292.856294
0.625074,31,1293.394898
0.211846,28,1293.885278
0.291727,31,1294.422972
0.741865,30,1294.937645
0.292786,24,1295.362476
0.279877,25,1295.801066
-0.747291,27,1296.26987
0.233085,26,1296.720035
0.482032,22,1297.122271
0.461386,19,1297.491228
0.291536,20,1297.860318
-4.85513,28,1298.351929
0.490809,29,1298.863508
0.48915,23,1299.272202
-2.732501,21,1299.67621
0.532395,20,1300.04017
-9.024205,29,1300.544108
-2.945288,31,1301.077835
-0.123233,31,1301.731843
0.168685,31,1302.414032
0.609989,30,1302.93522
0.648745,28,1303.425277
0.126407,29,1303.935784
0.650057,30,1304.457567
0.280113,24,1304.884631
0.611882,25,1305.329734
0.656039,22,1305.726918
0.353843,27,1306.203329
0.306898,31,1306.750385
-0.660843,31,1307.289192
0.574698,22,1307.687966
-4.84302,26,1308.24208
0.737938,26,1308.766021
-5.976976,25,1309.210682
-2.052988,28,1309.719748
-0.693662,31,1310.252791
0.48506,27,1310.729427
0.696913,28,1311.222075
0.680275,24,1311.681998
0.584907,19,1312.025966
-2.649983,28,1312.528667
0.416442,29,1313.038023
-4.531459,23,1313.451234
-1.732716,27,1313.922723
-0.973898,27,1314.404169
0.216316,28,1314.896332
0.525787,27,1315.372524
-3.990337,30,1315.890668
-4.781501,29,1316.418844
0.204026,25,1316.858556
0.14203,28,1317.348233
0.335511,31,1317.883483
0.273269,31,1318.428085
-3.253457,23,1318.85089
0.563339,30,1319.414222
0.280589,27,1319.887789
0.43008,29,1320.406917
0.292337,27,1320.878413
-1.823544,29,1321.378352
-4.918095,21,1321.799794
0.409592,20,1322.157057
-2.851202,31,1322.693436
0.503216,29,1323.27943
0.527453,25,1323.718789
0.366812,31,1324.261959
0.466962,27,1324.756108
0.218335,28,1325.239894
0.771111,21,1325.612306
-3.555393,23,1326.020129
-0.4996,22,1326.666513
0.082914,27,1327.13911
0.15934,27,1327.610661
0.352985,25,1328.054172
0.689039,21,1328.430703
0.506834,28,1328.916742
0.52077,21,1329.303131
0.455745,26,1329.772117
0.462141,25,1330.248457
-1.501788,19,1330.604973
0.235113,28,1331.091555
-2.90849,30,1331.629478
0.633033,23,1332.128068
0.432133,21,1332.534645
-2.656042,23,1332.944871
-0.616457,24,1333.364699
0.165753,31,1333.900196
0.290819,26,1334.356676
0.461846,24,1334.778958
0.471198,26,1335.232432
0.543827,21,1335.60927
0.331188,28,1336.102233
-2.839531,25,1336.54819
-2.816374,25,1337.020925
0.400285,31,1337.592884
-2.598489,22,1338.003866
0.254169,25,1338.4833
0.382341,23,1338.893889
0.434006,23,1339.300917
0.273159,28,1339.817583
0.196924,30,1340.34745
0.448132,21,1340.758171
0.162503,24,1341.363452
-2.072997,21,1341.746991
0.211824,24,1342.22194
-0.699233,20,1342.604478
0.462789,31,1343.141634
0.638049,27,1343.616155
-1.026811,26,1344.079029
0.493818,28,1344.572127
-2.555989,24,1344.998051
0.421402,22,1345.396531
0.457855,28,1345.886613
-2.750764,23,1346.306609
0.726639,28,1346.946805
0.397983,24,1347.38222
0.590981,23,1347.787199
0.373508,27,1348.263637
0.235229,29,1348.77443
0.673412,22,1349.168522
0.397692,24,1349.597298
-2.088807,25,1350.045082
0.467758,20,1350.413336
-2.805877,26,1350.914575
0.183877,21,1351.318592
0.289671,27,1351.793617
0.304373,27,1352.334495
-1.954085,32,1352.901755
0.379399,29,1353.407643
0.246288,31,1353.946194
0.549764,21,1354.320496
0.282119,31,1354.859895
0.493612,29,1355.36983
0.486421,26,1355.827253
0.519178,28,1356.313593
0.135628,27,1356.78716
-1.57504,21,1357.162875
0.573407,20,1357.522946
-1.517157,24,1357.94373
-1.869061,23,1358.351333
0.278963,28,1358.838835
0.580788,30,1359.35775
-2.763396,29,1359.859095
0.4512,28,1360.345499
0.439007,20,1360.70935
0.384179,25,1361.152112
0.766162,22,1361.555968
0.340402,21,1361.959424
-0.531848,26,1362.693003
-2.721611,23,1363.160794
-0.576366,24,1363.590643
-2.773957,22,1363.979164
0.652571,25,1364.417176
0.380254,28,1364.90869
0.423585,29,1365.413195
-0.489788,23,1365.818939
-0.780816,30,1366.337605
-1.664436,24,1366.759054
-0.528277,28,1367.24856
-4.685084,22,1367.639929
0.606091,23,1368.048739
0.275699,28,1368.547371
0.475675,23,1368.956266
0.581722,21,1369.328451
0.61036,25,1369.768667
0.672133,20,1370.126724
-0.7106,23,1370.537292
0.703278,31,1371.074723
-0.917756,30,1371.595507
0.611589,19,1371.937954
